rank,candidate_id,config_base,NUM_CH,DATA_W,ECC_LANES,CLK_GATE_EN,PDN_STRAP_PITCH_UM,is_platform_pdn,mu_mv,sigma_mv,lcb_score_mv,why_this_class,exploratory,candidate_category,method,n_training_obs,training_note
1,cfg_hull_01,cfg_small,2,32,2,1,12,0,0.3051,0.01,0.2862,Well-supported candidate: cfg_small base where strap sweep was measured,False,well_supported,gp_lcb_log_space_surrogate,6,Well-supported candidate: cfg_small base where strap sweep was measured
2,cfg_hull_02,cfg_small,2,32,4,1,12,0,0.3051,0.01,0.2862,Well-supported candidate: cfg_small base where strap sweep was measured,False,well_supported,gp_lcb_log_space_surrogate,6,Well-supported candidate: cfg_small base where strap sweep was measured
3,cfg_hull_03,cfg_small,2,32,2,1,16,0,0.3768,0.0122,0.3536,Well-supported candidate: cfg_small base where strap sweep was measured,False,well_supported,gp_lcb_log_space_surrogate,6,Well-supported candidate: cfg_small base where strap sweep was measured
4,cfg_hull_04,cfg_small,2,32,4,1,16,0,0.3768,0.0122,0.3536,Well-supported candidate: cfg_small base where strap sweep was measured,False,well_supported,gp_lcb_log_space_surrogate,6,Well-supported candidate: cfg_small base where strap sweep was measured
5,cfg_hull_05,cfg_small,2,32,2,1,24,0,0.6977,0.0196,0.6603,Well-supported candidate: cfg_small base where strap sweep was measured,False,well_supported,gp_lcb_log_space_surrogate,6,Well-supported candidate: cfg_small base where strap sweep was measured
1,cfg_extrap_01,cfg_small,2,32,1,1,8,0,0.2744,0.0274,0.2257,8 µm is outside the measured pitch range 12–24 µm (recommended next PnR run),False,one_step_extrapolation,gp_lcb_log_space_surrogate,6,8 µm is outside the measured pitch range 12–24 µm (recommended next PnR run)
2,cfg_extrap_02,cfg_small,2,32,2,1,8,0,0.2744,0.0274,0.2257,8 µm is outside the measured pitch range 12–24 µm (recommended next PnR run),False,one_step_extrapolation,gp_lcb_log_space_surrogate,6,8 µm is outside the measured pitch range 12–24 µm (recommended next PnR run)
3,cfg_extrap_03,cfg_small,2,32,4,1,8,0,0.2744,0.0274,0.2257,8 µm is outside the measured pitch range 12–24 µm (recommended next PnR run),False,one_step_extrapolation,gp_lcb_log_space_surrogate,6,8 µm is outside the measured pitch range 12–24 µm (recommended next PnR run)
1,cfg_exp_01,cfg_small,2,32,1,0,8,0,0.5417,0.4624,0.1017,clock gating off never measured (all 6 runs have CLK_GATE_EN=1),True,exploratory,gp_lcb_log_space_surrogate,6,clock gating off never measured (all 6 runs have CLK_GATE_EN=1)
2,cfg_exp_02,cfg_small,2,32,2,0,8,0,0.5417,0.4624,0.1017,clock gating off never measured (all 6 runs have CLK_GATE_EN=1),True,exploratory,gp_lcb_log_space_surrogate,6,clock gating off never measured (all 6 runs have CLK_GATE_EN=1)
3,cfg_exp_03,cfg_small,2,32,4,0,8,0,0.5417,0.4624,0.1017,clock gating off never measured (all 6 runs have CLK_GATE_EN=1),True,exploratory,gp_lcb_log_space_surrogate,6,clock gating off never measured (all 6 runs have CLK_GATE_EN=1)
4,cfg_exp_04,cfg_small,2,64,1,0,8,0,0.5426,0.4635,0.1017,"clock gating off never measured (all 6 runs have CLK_GATE_EN=1); strap pitch never measured at this architecture (only cfg_mid, platform PDN)",True,exploratory,gp_lcb_log_space_surrogate,6,"clock gating off never measured (all 6 runs have CLK_GATE_EN=1); strap pitch never measured at this architecture (only cfg_mid, platform PDN)"
