0,1,2,3,4,5,6,7,8,9,10,11,12,13,14,15,16,17,18,19,20,21,22,23
0.0,0.0,0.0,11.94,52.59,56.38,968.9099999999999,58.529999999999994,41.42000000000001,0.0,1354.3300000000002,3.2,22.83,0.0,0.0,0.0,0.0,0.0,0.0,0.0,0.0,0.0,0.0,0.0
0.0,0.0,14.129999999999999,41.38,205.20999999999998,52.13,1928.5900000000008,138.31,44.97,115.31000000000003,38.08,15.1,0.0,0.0,0.0,0.0,0.0,0.0,0.0,0.0,0.0,0.0,0.0,0.0
0.0,0.0,48.56000000000002,164.24999999999997,40.13,117.67,1788.3800000000006,73.78999999999999,764.3199999999998,177.9,6.43,0.0,16.02,0.0,0.0,0.0,0.0,0.0,0.0,0.0,0.0,0.0,0.0,0.0
0.0,11.719999999999999,43.08000000000001,40.730000000000004,205.26999999999998,60.81999999999999,942.16,105.54000000000002,106.33000000000001,35.78,628.9200000000001,0.0,0.0,0.0,0.0,0.0,0.0,0.0,0.0,0.0,0.0,0.0,0.0,0.0
11.17,150.00999999999996,96.67,49.48000000000001,123.91999999999999,269.03999999999996,2636.83,245.57,100.66000000000003,29.500000000000004,121.04,0.0,0.0,0.0,0.0,0.0,0.0,0.0,0.0,0.0,0.0,0.0,0.0,0.0
39.58,37.98,89.27,133.45,26.17,50.24000000000001,1740.35,146.83,194.25,17.630000000000003,55.17,0.0,182.57,0.0,0.0,0.0,0.0,0.0,0.0,0.0,0.0,0.0,0.0,0.0
60.99,240.28999999999996,114.89,165.72000000000003,1001.1899999999998,295.37999999999994,50.27,114.78000000000002,9.31,146.09,99.28,0.0,0.0,0.0,0.0,0.0,0.0,0.0,110.61,0.0,0.0,0.0,0.0,0.0
6896.160000000002,20.72,113.14,246.03999999999996,60.440000000000005,72.81000000000002,116.93,278.83,1333.6299999999997,187.80999999999997,13.21,0.0,0.0,0.0,0.0,0.0,0.0,0.0,0.0,0.0,0.0,0.0,0.0,0.0
0.0,107.06000000000003,147.17999999999998,444.32000000000005,4652.970000000001,231.48,351.21000000000004,301.91999999999996,546.41,80.16,136.96999999999994,2657.46,26.060000000000002,0.0,0.0,0.0,0.0,0.0,0.0,36.83,105.57000000000001,0.0,0.0,0.0
0.0,10.75,107.49,128.66,1006.55,175.86,63.47999999999999,126.43,0.0,2.08,83.23,0.0,0.0,21.09,3.37,0.0,57.93,0.0,22.060000000000002,21.080000000000002,43.43,0.0,0.0,3.54
0.0,110.69,0.0,0.0,685.91,0.0,1064.07,3.26,0.0,14.55,307.34999999999997,0.0,6.83,0.0,0.0,0.0,1454.43,332.47,36.83,135.71,41.93,33.910000000000004,205.26,61.949999999999996
0.0,0.0,448.56000000000006,0.0,1078.11,1183.82,127.13000000000002,55.86,37.879999999999995,12.05,39.989999999999995,756.76,0.0,4279.73,7420.4,2000.709999999999,1149.1000000000004,673.5599999999998,29.520000000000003,25.79,77.25999999999999,15.81,31.590000000000003,299.1600000000001
0.0,99.54,424.2,555.8,0.0,0.0,1155.7499999999998,89.08999999999997,32.8,0.0,0.0,0.0,625.95,628.3100000000001,2151.9600000000005,2117.2599999999998,1088.95,4872.080000000006,548.48,406.65999999999997,14.04,53.19,0.0,2585.040000000001
0.0,0.0,732.2300000000001,204.93,0.0,0.0,134.88,269.19000000000005,3.28,0.0,0.0,0.0,3746.5600000000004,1949.3400000000001,661.88,18091.940000000006,1246.16,709.4799999999999,661.1899999999999,374.6299999999999,38.42,13.38,0.0,302.24999999999994
0.0,0.0,213.0,954.6100000000001,1098.8999999999999,98.79,112.75000000000001,82.33999999999999,0.0,0.0,12.23,625.95,3063.16,622.2,1259.52,1256.4700000000005,2532.2900000000013,1363.5900000000004,2457.820000000001,662.56,14.32,26.769999999999996,0.0,160.40000000000003
0.0,0.0,0.0,0.0,648.6799999999998,263.34000000000003,104.38,459.65999999999997,32.61,1120.88,0.0,0.0,3196.61,1639.2300000000002,4659.020000000001,1177.6200000000001,847.9399999999997,1646.7300000000007,441.86000000000007,434.71,13.6,16.52,16.45,404.6299999999996
0.0,0.0,0.0,0.0,0.0,0.0,26.29,187.3599999999999,91.30000000000003,12.64,114.08999999999999,623.7,3077.25,2374.58,1449.9100000000003,2607.6000000000013,1123.2099999999998,1668.9500000000007,1963.4399999999998,292.83000000000004,10.2,23.040000000000003,23.07,266.35999999999996
0.0,0.0,0.0,0.0,0.0,0.0,52.75,75.88999999999999,16.31,3.18,34.32,12.73,9392.69,0.0,297.5,769.8599999999999,2544.1299999999997,494.6699999999999,7252.790000000001,61.22,20.4,16.4,16.55,191.14000000000004
0.0,0.0,0.0,0.0,0.0,0.0,0.0,46.21999999999999,85.1,6.43,1.59,0.0,3.12,3.12,0.0,466.49,0.0,50.51,0.0,45.68000000000001,9.9,0.0,6.62,6.62
0.0,0.0,0.0,0.0,0.0,0.0,68.91999999999999,156.91,0.0,0.0,11.14,0.0,0.0,0.0,2609.27,9.66,3.25,33.91,18.720000000000002,35.68,13.63,0.0,0.0,0.0
0.0,0.0,0.0,0.0,0.0,0.0,88.81999999999995,42.400000000000006,0.0,0.0,0.0,0.0,0.0,0.0,0.0,3.23,43.54,25.92,12.64,32.89,9.84,0.0,0.0,0.0
0.0,0.0,0.0,0.0,0.0,0.0,49.08000000000002,240.72000000000008,272.97999999999996,32.959999999999994,171.55,3.28,0.0,0.0,0.0,0.0,41.49,46.870000000000005,9.83,23.63,6.28,0.0,0.0,0.0
0.0,0.0,0.0,0.0,0.0,0.0,0.0,69.84999999999998,135.16,143.5699999999999,104.86000000000003,0.0,0.0,0.0,0.0,0.0,17.68,7.0,0.0,3.32,0.0,0.0,0.0,0.0
0.0,0.0,0.0,0.0,0.0,0.0,0.0,0.0,0.0,0.0,0.0,0.0,15043.969999999998,3.12,0.0,0.0,14.67,17.490000000000002,0.0,0.0,0.0,0.0,0.0,0.0
