inst_idx,total_delay_penalty_ps,provenance
27812,233.29,VALIDATED
27805,201.38,VALIDATED
16528,65.4,VALIDATED
27809,60.37,VALIDATED
27829,53.01,VALIDATED
27839,45.44,VALIDATED
27840,40.58,VALIDATED
27810,38.09,VALIDATED
13449,38.0,VALIDATED
13416,37.9,VALIDATED
13432,36.31,VALIDATED
13398,34.46,VALIDATED
7681,33.97,VALIDATED
27838,30.53,VALIDATED
2169,28.99,VALIDATED
17565,28.59,VALIDATED
3706,28.58,VALIDATED
7718,28.54,VALIDATED
13327,28.48,VALIDATED
18231,26.39,VALIDATED
7717,26.11,VALIDATED
27832,25.82,VALIDATED
18464,25.42,VALIDATED
3622,25.13,VALIDATED
3698,24.57,VALIDATED
18465,24.55,VALIDATED
13353,24.44,VALIDATED
18473,24.32,VALIDATED
18478,23.56,VALIDATED
27828,22.4,VALIDATED
18475,21.91,VALIDATED
27841,21.06,VALIDATED
4211,18.98,VALIDATED
7715,18.92,VALIDATED
4297,18.85,VALIDATED
4209,18.83,VALIDATED
4212,18.7,VALIDATED
4298,18.45,VALIDATED
4306,18.44,VALIDATED
4305,18.43,VALIDATED
16600,18.25,VALIDATED
17818,17.83,VALIDATED
14968,17.31,VALIDATED
28104,17.28,VALIDATED
28103,17.24,VALIDATED
28102,16.36,VALIDATED
16578,16.24,VALIDATED
7711,16.18,VALIDATED
9547,15.66,VALIDATED
18476,15.58,VALIDATED
28100,15.42,VALIDATED
27816,14.77,VALIDATED
28101,14.67,VALIDATED
4377,14.58,VALIDATED
9302,14.43,VALIDATED
16553,14.21,VALIDATED
27806,14.0,VALIDATED
16624,13.39,VALIDATED
12630,13.31,VALIDATED
10896,13.26,VALIDATED
28108,13.24,VALIDATED
28106,13.13,VALIDATED
4376,13.13,VALIDATED
28099,12.79,VALIDATED
14564,12.29,VALIDATED
10810,11.77,VALIDATED
12235,11.54,VALIDATED
28097,11.48,VALIDATED
28098,10.76,VALIDATED
9273,10.57,VALIDATED
26170,10.33,VALIDATED
13680,10.32,VALIDATED
12631,9.95,VALIDATED
13785,9.6,VALIDATED
11257,9.24,VALIDATED
9620,9.03,VALIDATED
13695,8.88,VALIDATED
13800,8.87,VALIDATED
13633,8.84,VALIDATED
13573,8.82,VALIDATED
13558,8.65,VALIDATED
13618,8.64,VALIDATED
14988,8.61,VALIDATED
13446,8.48,VALIDATED
13815,8.39,VALIDATED
15603,8.33,VALIDATED
10296,8.33,VALIDATED
13429,8.3,VALIDATED
17695,8.26,VALIDATED
13740,8.24,VALIDATED
10799,8.15,VALIDATED
9608,8.13,VALIDATED
9773,8.05,VALIDATED
4213,8.05,VALIDATED
9342,7.98,VALIDATED
9357,7.97,VALIDATED
9776,7.9,VALIDATED
13493,7.88,VALIDATED
13413,7.83,VALIDATED
9580,7.58,VALIDATED
27755,7.58,VALIDATED
9779,7.57,VALIDATED
15218,7.47,VALIDATED
9653,7.42,VALIDATED
13395,7.39,VALIDATED
9642,7.37,VALIDATED
13588,7.36,VALIDATED
10521,7.32,VALIDATED
13543,7.23,VALIDATED
27833,7.19,VALIDATED
13710,7.19,VALIDATED
13462,7.04,VALIDATED
9591,7.01,VALIDATED
13350,6.92,VALIDATED
13755,6.9,VALIDATED
13379,6.87,VALIDATED
9275,6.8,VALIDATED
4380,6.77,VALIDATED
13664,6.75,VALIDATED
27775,6.73,VALIDATED
27757,6.69,VALIDATED
4447,6.56,VALIDATED
15265,6.56,VALIDATED
10319,6.41,VALIDATED
27747,6.4,VALIDATED
27776,6.28,VALIDATED
9876,6.18,VALIDATED
7705,6.14,VALIDATED
27738,6.1,VALIDATED
3702,6.03,VALIDATED
27739,5.98,VALIDATED
18477,5.95,VALIDATED
27752,5.85,VALIDATED
15303,5.81,VALIDATED
27761,5.64,VALIDATED
27751,5.64,VALIDATED
13275,5.63,VALIDATED
3696,5.6,VALIDATED
13975,5.58,VALIDATED
27668,5.44,VALIDATED
27756,5.44,VALIDATED
27774,5.43,VALIDATED
27795,5.1,VALIDATED
27773,5.06,VALIDATED
27656,5.04,VALIDATED
27797,4.93,VALIDATED
12642,4.89,VALIDATED
27661,4.84,VALIDATED
27765,4.78,VALIDATED
27753,4.66,VALIDATED
15350,4.61,VALIDATED
27741,4.58,VALIDATED
27766,4.56,VALIDATED
27767,4.47,VALIDATED
9861,4.45,VALIDATED
27745,4.39,VALIDATED
27796,4.36,VALIDATED
11878,4.31,VALIDATED
27654,4.14,VALIDATED
27659,4.14,VALIDATED
15894,4.13,VALIDATED
27759,4.07,VALIDATED
7704,4.07,VALIDATED
27663,4.06,VALIDATED
27785,4.02,VALIDATED
15287,4.01,VALIDATED
27782,4.01,VALIDATED
13928,4.0,VALIDATED
12664,4.0,VALIDATED
3583,3.98,VALIDATED
13256,3.96,VALIDATED
13277,3.95,VALIDATED
27652,3.92,VALIDATED
27660,3.92,VALIDATED
27667,3.9,VALIDATED
9313,3.86,VALIDATED
27737,3.77,VALIDATED
13384,3.75,VALIDATED
27742,3.66,VALIDATED
9783,3.66,VALIDATED
9321,3.62,VALIDATED
10311,3.61,VALIDATED
27655,3.6,VALIDATED
27662,3.6,VALIDATED
11976,3.59,VALIDATED
13376,3.59,VALIDATED
27760,3.47,VALIDATED
15243,3.46,VALIDATED
27771,3.45,VALIDATED
15065,3.41,VALIDATED
27646,3.38,VALIDATED
27743,3.24,VALIDATED
27645,3.16,VALIDATED
15232,3.1,VALIDATED
15080,3.09,VALIDATED
27750,3.09,VALIDATED
27769,3.08,VALIDATED
27777,3.08,VALIDATED
15220,3.07,VALIDATED
27647,3.06,VALIDATED
15254,3.06,VALIDATED
3566,3.0,VALIDATED
13388,2.99,VALIDATED
3700,2.95,VALIDATED
27748,2.93,VALIDATED
3619,2.9,VALIDATED
5917,2.9,VALIDATED
9300,2.88,VALIDATED
27749,2.87,VALIDATED
27740,2.83,VALIDATED
11791,2.76,VALIDATED
11695,2.74,VALIDATED
27798,2.73,VALIDATED
27768,2.7,VALIDATED
11980,2.7,VALIDATED
27653,2.61,VALIDATED
15133,2.61,VALIDATED
10316,2.6,VALIDATED
10611,2.6,VALIDATED
3603,2.59,VALIDATED
27770,2.57,VALIDATED
3462,2.56,VALIDATED
27754,2.52,VALIDATED
27772,2.49,VALIDATED
15069,2.48,VALIDATED
11972,2.45,VALIDATED
15304,2.41,VALIDATED
27764,2.34,VALIDATED
3604,2.33,VALIDATED
12653,2.28,VALIDATED
14233,2.24,VALIDATED
15221,2.23,VALIDATED
3472,2.21,VALIDATED
9546,2.15,VALIDATED
9346,2.15,VALIDATED
9328,2.11,VALIDATED
4281,2.1,VALIDATED
27666,2.07,VALIDATED
27657,2.03,VALIDATED
9317,2.01,VALIDATED
15100,1.97,VALIDATED
15107,1.96,VALIDATED
3672,1.96,VALIDATED
3675,1.96,VALIDATED
27734,1.96,VALIDATED
9529,1.95,VALIDATED
27651,1.93,VALIDATED
16648,1.91,VALIDATED
11293,1.91,VALIDATED
13396,1.87,VALIDATED
15219,1.86,VALIDATED
12007,1.83,VALIDATED
27817,1.82,VALIDATED
7708,1.79,VALIDATED
27783,1.78,VALIDATED
15111,1.76,VALIDATED
3607,1.75,VALIDATED
11304,1.75,VALIDATED
11877,1.74,VALIDATED
15978,1.72,VALIDATED
11358,1.69,VALIDATED
9326,1.66,VALIDATED
9298,1.66,VALIDATED
9323,1.65,VALIDATED
3618,1.64,VALIDATED
15101,1.63,VALIDATED
10280,1.63,VALIDATED
13351,1.62,VALIDATED
15727,1.61,VALIDATED
28109,1.61,VALIDATED
9296,1.6,VALIDATED
12298,1.6,VALIDATED
3615,1.59,VALIDATED
11354,1.58,VALIDATED
9330,1.55,VALIDATED
13299,1.54,VALIDATED
13305,1.53,VALIDATED
9307,1.52,VALIDATED
3627,1.52,VALIDATED
10851,1.5,VALIDATED
27799,1.48,VALIDATED
28110,1.48,VALIDATED
11984,1.47,VALIDATED
13405,1.46,VALIDATED
9325,1.45,VALIDATED
11330,1.43,VALIDATED
10655,1.41,VALIDATED
14275,1.4,VALIDATED
9315,1.38,VALIDATED
14240,1.38,VALIDATED
27827,1.38,VALIDATED
3625,1.37,VALIDATED
15096,1.37,VALIDATED
11157,1.36,VALIDATED
11816,1.34,VALIDATED
11162,1.33,VALIDATED
11161,1.33,VALIDATED
15113,1.32,VALIDATED
11670,1.31,VALIDATED
15641,1.31,VALIDATED
27665,1.31,VALIDATED
15557,1.3,VALIDATED
15116,1.3,VALIDATED
12309,1.3,VALIDATED
9311,1.29,VALIDATED
11366,1.28,VALIDATED
17661,1.27,VALIDATED
11305,1.26,VALIDATED
14063,1.25,VALIDATED
15109,1.24,VALIDATED
12011,1.24,VALIDATED
11387,1.24,VALIDATED
11389,1.24,VALIDATED
11198,1.23,VALIDATED
11402,1.23,VALIDATED
13380,1.23,VALIDATED
13377,1.21,VALIDATED
11189,1.2,VALIDATED
27779,1.2,VALIDATED
14366,1.19,VALIDATED
27808,1.19,VALIDATED
15119,1.18,VALIDATED
15810,1.18,VALIDATED
11352,1.17,VALIDATED
14330,1.17,VALIDATED
12415,1.17,VALIDATED
12430,1.16,VALIDATED
13336,1.16,VALIDATED
3608,1.15,VALIDATED
15202,1.15,VALIDATED
11309,1.15,VALIDATED
14295,1.14,VALIDATED
15098,1.14,VALIDATED
11319,1.14,VALIDATED
7709,1.14,VALIDATED
13414,1.14,VALIDATED
11155,1.12,VALIDATED
11329,1.12,VALIDATED
5824,1.12,VALIDATED
11180,1.12,VALIDATED
13942,1.11,VALIDATED
11172,1.11,VALIDATED
26347,1.11,VALIDATED
14119,1.1,VALIDATED
10802,1.1,VALIDATED
13308,1.1,VALIDATED
13978,1.09,VALIDATED
11852,1.09,VALIDATED
14310,1.08,VALIDATED
14134,1.08,VALIDATED
14345,1.08,VALIDATED
17659,1.08,VALIDATED
11274,1.08,VALIDATED
14503,1.08,VALIDATED
11185,1.07,VALIDATED
27784,1.07,VALIDATED
11394,1.06,VALIDATED
14028,1.06,VALIDATED
11167,1.04,VALIDATED
17657,1.04,VALIDATED
3464,1.04,VALIDATED
11320,1.04,VALIDATED
11059,1.03,VALIDATED
11633,1.03,VALIDATED
13844,1.03,VALIDATED
12417,1.03,VALIDATED
11265,1.03,VALIDATED
11183,1.03,VALIDATED
11310,1.02,VALIDATED
11969,1.02,VALIDATED
17660,1.02,VALIDATED
14122,1.01,VALIDATED
13957,1.01,VALIDATED
7712,1.01,VALIDATED
13682,1.0,VALIDATED
5282,1.0,VALIDATED
11216,1.0,VALIDATED
11214,1.0,VALIDATED
14107,1.0,VALIDATED
14072,1.0,VALIDATED
13837,0.99,VALIDATED
11318,0.98,VALIDATED
11367,0.97,VALIDATED
14129,0.97,VALIDATED
11805,0.97,VALIDATED
11168,0.97,VALIDATED
9284,0.96,VALIDATED
13302,0.96,VALIDATED
14199,0.96,VALIDATED
13343,0.95,VALIDATED
14044,0.95,VALIDATED
11215,0.94,VALIDATED
13369,0.94,VALIDATED
14087,0.94,VALIDATED
13906,0.94,VALIDATED
14084,0.93,VALIDATED
11263,0.93,VALIDATED
14009,0.92,VALIDATED
13590,0.92,VALIDATED
13974,0.91,VALIDATED
14260,0.91,VALIDATED
14225,0.9,VALIDATED
13858,0.9,VALIDATED
11266,0.9,VALIDATED
13932,0.9,VALIDATED
14099,0.89,VALIDATED
27744,0.89,VALIDATED
14204,0.88,VALIDATED
14098,0.88,VALIDATED
14177,0.88,VALIDATED
13993,0.88,VALIDATED
14048,0.87,VALIDATED
13894,0.87,VALIDATED
11292,0.87,VALIDATED
13354,0.86,VALIDATED
13356,0.86,VALIDATED
27778,0.86,VALIDATED
14013,0.86,VALIDATED
13834,0.86,VALIDATED
11659,0.86,VALIDATED
7707,0.85,VALIDATED
13870,0.85,VALIDATED
13921,0.85,VALIDATED
14146,0.84,VALIDATED
13822,0.84,VALIDATED
15276,0.84,VALIDATED
9309,0.84,VALIDATED
13885,0.84,VALIDATED
14194,0.83,VALIDATED
13968,0.83,VALIDATED
14533,0.83,VALIDATED
3668,0.83,VALIDATED
27758,0.83,VALIDATED
17662,0.82,VALIDATED
4295,0.82,VALIDATED
14309,0.82,VALIDATED
14198,0.82,VALIDATED
14239,0.82,VALIDATED
11283,0.82,VALIDATED
17703,0.82,VALIDATED
14289,0.82,VALIDATED
27670,0.82,VALIDATED
14076,0.82,VALIDATED
14163,0.82,VALIDATED
11279,0.81,VALIDATED
14324,0.81,VALIDATED
14159,0.81,VALIDATED
27824,0.81,VALIDATED
13545,0.81,VALIDATED
13880,0.8,VALIDATED
14142,0.8,VALIDATED
14189,0.8,VALIDATED
14274,0.8,VALIDATED
13848,0.8,VALIDATED
14154,0.79,VALIDATED
14192,0.79,VALIDATED
4324,0.78,VALIDATED
3611,0.78,VALIDATED
18357,0.78,VALIDATED
14058,0.78,VALIDATED
13938,0.78,VALIDATED
13884,0.77,VALIDATED
13742,0.77,VALIDATED
14094,0.77,VALIDATED
14291,0.77,VALIDATED
11951,0.77,VALIDATED
13920,0.77,VALIDATED
13909,0.76,VALIDATED
3631,0.76,VALIDATED
14318,0.76,VALIDATED
13787,0.76,VALIDATED
14133,0.76,VALIDATED
13864,0.76,VALIDATED
14221,0.76,VALIDATED
13916,0.76,VALIDATED
14254,0.75,VALIDATED
14164,0.75,VALIDATED
7714,0.75,VALIDATED
14248,0.75,VALIDATED
14283,0.75,VALIDATED
13849,0.75,VALIDATED
3610,0.75,VALIDATED
13826,0.74,VALIDATED
11827,0.74,VALIDATED
13431,0.74,VALIDATED
14138,0.74,VALIDATED
13464,0.74,VALIDATED
14067,0.74,VALIDATED
13851,0.74,VALIDATED
13873,0.74,VALIDATED
14111,0.74,VALIDATED
13828,0.74,VALIDATED
13969,0.74,VALIDATED
14173,0.74,VALIDATED
14213,0.73,VALIDATED
17708,0.73,VALIDATED
14344,0.73,VALIDATED
11517,0.73,VALIDATED
13992,0.73,VALIDATED
14219,0.73,VALIDATED
14124,0.73,VALIDATED
13352,0.72,VALIDATED
13875,0.72,VALIDATED
14053,0.72,VALIDATED
13888,0.72,VALIDATED
11322,0.72,VALIDATED
14252,0.72,VALIDATED
14185,0.72,VALIDATED
14157,0.72,VALIDATED
14089,0.71,VALIDATED
14182,0.71,VALIDATED
14183,0.71,VALIDATED
13495,0.71,VALIDATED
13830,0.71,VALIDATED
14321,0.71,VALIDATED
14005,0.71,VALIDATED
14112,0.71,VALIDATED
13887,0.71,VALIDATED
13923,0.71,VALIDATED
14169,0.71,VALIDATED
14032,0.7,VALIDATED
14314,0.7,VALIDATED
14042,0.7,VALIDATED
4327,0.7,VALIDATED
13966,0.7,VALIDATED
14040,0.7,VALIDATED
14078,0.7,VALIDATED
13961,0.7,VALIDATED
14137,0.7,VALIDATED
14326,0.7,VALIDATED
13899,0.7,VALIDATED
4326,0.7,VALIDATED
14147,0.69,VALIDATED
14007,0.69,VALIDATED
13620,0.69,VALIDATED
13839,0.69,VALIDATED
14062,0.69,VALIDATED
27746,0.69,VALIDATED
17710,0.69,VALIDATED
14148,0.69,VALIDATED
14181,0.69,VALIDATED
13415,0.69,VALIDATED
14203,0.69,VALIDATED
17699,0.69,VALIDATED
14272,0.69,VALIDATED
14179,0.69,VALIDATED
14265,0.69,VALIDATED
14215,0.69,VALIDATED
14144,0.69,VALIDATED
14018,0.69,VALIDATED
14027,0.68,VALIDATED
14256,0.68,VALIDATED
13911,0.68,VALIDATED
14300,0.68,VALIDATED
14206,0.68,VALIDATED
13900,0.68,VALIDATED
14322,0.68,VALIDATED
14349,0.68,VALIDATED
14171,0.68,VALIDATED
13954,0.68,VALIDATED
13866,0.68,VALIDATED
13852,0.68,VALIDATED
14287,0.68,VALIDATED
13934,0.67,VALIDATED
13863,0.67,VALIDATED
14077,0.67,VALIDATED
14250,0.67,VALIDATED
13404,0.67,VALIDATED
13757,0.67,VALIDATED
13825,0.67,VALIDATED
15134,0.67,VALIDATED
13902,0.67,VALIDATED
13862,0.67,VALIDATED
14113,0.67,VALIDATED
13970,0.67,VALIDATED
14228,0.66,VALIDATED
14218,0.66,VALIDATED
14342,0.66,VALIDATED
13918,0.66,VALIDATED
13925,0.66,VALIDATED
14263,0.66,VALIDATED
14004,0.66,VALIDATED
13956,0.66,VALIDATED
14217,0.65,VALIDATED
13371,0.65,VALIDATED
13972,0.65,VALIDATED
4364,0.65,VALIDATED
4365,0.65,VALIDATED
14039,0.65,VALIDATED
13889,0.65,VALIDATED
13882,0.65,VALIDATED
18358,0.65,VALIDATED
14023,0.65,VALIDATED
14150,0.64,VALIDATED
14036,0.64,VALIDATED
14320,0.64,VALIDATED
14109,0.64,VALIDATED
13959,0.64,VALIDATED
13712,0.64,VALIDATED
14110,0.63,VALIDATED
13988,0.63,VALIDATED
14208,0.63,VALIDATED
4313,0.63,VALIDATED
14001,0.63,VALIDATED
14168,0.63,VALIDATED
13930,0.63,VALIDATED
13996,0.63,VALIDATED
11089,0.63,VALIDATED
14128,0.63,VALIDATED
14093,0.63,VALIDATED
13995,0.63,VALIDATED
14155,0.63,VALIDATED
17701,0.63,VALIDATED
17709,0.62,VALIDATED
14286,0.62,VALIDATED
14190,0.62,VALIDATED
13952,0.62,VALIDATED
14288,0.62,VALIDATED
13907,0.62,VALIDATED
4323,0.62,VALIDATED
4322,0.62,VALIDATED
4308,0.62,VALIDATED
4309,0.62,VALIDATED
14075,0.62,VALIDATED
14115,0.62,VALIDATED
17704,0.62,VALIDATED
14059,0.62,VALIDATED
14103,0.61,VALIDATED
3613,0.61,VALIDATED
14136,0.61,VALIDATED
14101,0.61,VALIDATED
14090,0.61,VALIDATED
13924,0.61,VALIDATED
13,0.61,VALIDATED
13802,0.61,VALIDATED
17711,0.61,VALIDATED
17712,0.61,VALIDATED
13933,0.61,VALIDATED
13898,0.61,VALIDATED
15473,0.61,VALIDATED
4312,0.61,VALIDATED
13876,0.61,VALIDATED
14323,0.61,VALIDATED
14066,0.61,VALIDATED
14244,0.61,VALIDATED
15475,0.6,VALIDATED
13846,0.6,VALIDATED
14065,0.6,VALIDATED
14207,0.6,VALIDATED
13936,0.6,VALIDATED
14080,0.6,VALIDATED
13448,0.6,VALIDATED
4328,0.6,VALIDATED
4329,0.6,VALIDATED
12371,0.6,VALIDATED
4314,0.6,VALIDATED
14125,0.6,VALIDATED
14102,0.6,VALIDATED
13560,0.6,VALIDATED
14253,0.6,VALIDATED
13817,0.6,VALIDATED
13853,0.6,VALIDATED
14038,0.6,VALIDATED
14195,0.6,VALIDATED
4374,0.6,VALIDATED
14216,0.6,VALIDATED
13861,0.6,VALIDATED
14160,0.6,VALIDATED
11914,0.59,VALIDATED
11840,0.59,VALIDATED
13897,0.59,VALIDATED
14277,0.59,VALIDATED
14270,0.59,VALIDATED
17707,0.59,VALIDATED
14054,0.59,VALIDATED
14251,0.59,VALIDATED
17697,0.59,VALIDATED
14041,0.59,VALIDATED
13912,0.59,VALIDATED
17702,0.59,VALIDATED
14347,0.59,VALIDATED
14030,0.59,VALIDATED
14074,0.59,VALIDATED
13997,0.59,VALIDATED
13860,0.59,VALIDATED
14201,0.59,VALIDATED
13971,0.59,VALIDATED
27762,0.59,VALIDATED
14230,0.58,VALIDATED
14051,0.58,VALIDATED
14165,0.58,VALIDATED
14060,0.58,VALIDATED
13896,0.58,VALIDATED
11436,0.58,VALIDATED
18225,0.58,VALIDATED
4373,0.58,VALIDATED
13980,0.58,VALIDATED
17700,0.58,VALIDATED
13984,0.58,VALIDATED
14301,0.58,VALIDATED
27763,0.58,VALIDATED
14266,0.58,VALIDATED
17706,0.58,VALIDATED
14305,0.58,VALIDATED
14178,0.57,VALIDATED
14006,0.57,VALIDATED
14285,0.57,VALIDATED
14336,0.57,VALIDATED
13824,0.57,VALIDATED
13397,0.57,VALIDATED
13945,0.57,VALIDATED
14016,0.57,VALIDATED
14242,0.57,VALIDATED
14340,0.57,VALIDATED
13948,0.57,VALIDATED
14236,0.57,VALIDATED
17698,0.57,VALIDATED
4325,0.57,VALIDATED
14172,0.57,VALIDATED
14031,0.57,VALIDATED
13341,0.57,VALIDATED
4372,0.57,VALIDATED
17705,0.57,VALIDATED
14231,0.56,VALIDATED
4315,0.56,VALIDATED
14237,0.56,VALIDATED
4320,0.56,VALIDATED
14333,0.56,VALIDATED
13840,0.56,VALIDATED
14335,0.56,VALIDATED
14131,0.56,VALIDATED
14166,0.56,VALIDATED
13635,0.56,VALIDATED
4371,0.56,VALIDATED
11718,0.55,VALIDATED
14298,0.55,VALIDATED
14243,0.55,VALIDATED
14278,0.55,VALIDATED
11131,0.55,VALIDATED
14279,0.55,VALIDATED
13935,0.55,VALIDATED
13845,0.55,VALIDATED
14096,0.55,VALIDATED
14143,0.55,VALIDATED
13827,0.55,VALIDATED
13960,0.55,VALIDATED
14145,0.55,VALIDATED
14180,0.55,VALIDATED
14392,0.55,VALIDATED
9305,0.55,VALIDATED
14312,0.55,VALIDATED
13990,0.55,VALIDATED
13881,0.54,VALIDATED
13917,0.54,VALIDATED
14095,0.54,VALIDATED
14003,0.54,VALIDATED
13823,0.54,VALIDATED
5906,0.54,VALIDATED
14235,0.54,VALIDATED
5355,0.54,VALIDATED
11768,0.54,VALIDATED
14313,0.54,VALIDATED
14348,0.54,VALIDATED
14108,0.53,VALIDATED
13697,0.53,VALIDATED
13987,0.53,VALIDATED
11744,0.53,VALIDATED
14073,0.53,VALIDATED
14269,0.53,VALIDATED
14234,0.53,VALIDATED
14057,0.53,VALIDATED
14307,0.53,VALIDATED
14019,0.53,VALIDATED
4337,0.53,VALIDATED
14130,0.52,VALIDATED
14200,0.52,VALIDATED
13330,0.52,VALIDATED
12461,0.52,VALIDATED
11232,0.52,VALIDATED
11,0.52,VALIDATED
13843,0.52,VALIDATED
15558,0.52,VALIDATED
13951,0.52,VALIDATED
4366,0.52,VALIDATED
4367,0.52,VALIDATED
4369,0.52,VALIDATED
18226,0.52,VALIDATED
4345,0.52,VALIDATED
4344,0.52,VALIDATED
14025,0.52,VALIDATED
14037,0.52,VALIDATED
14341,0.52,VALIDATED
4368,0.52,VALIDATED
4342,0.51,VALIDATED
4362,0.51,VALIDATED
11351,0.51,VALIDATED
16171,0.51,VALIDATED
12492,0.51,VALIDATED
14306,0.51,VALIDATED
13879,0.51,VALIDATED
4363,0.51,VALIDATED
14271,0.51,VALIDATED
4336,0.51,VALIDATED
14085,0.5,VALIDATED
13871,0.5,VALIDATED
11988,0.5,VALIDATED
13983,0.5,VALIDATED
14121,0.5,VALIDATED
13943,0.5,VALIDATED
11111,0.5,VALIDATED
13835,0.5,VALIDATED
6204,0.5,VALIDATED
4321,0.5,VALIDATED
4318,0.5,VALIDATED
4316,0.5,VALIDATED
4979,0.5,VALIDATED
14296,0.5,VALIDATED
13989,0.5,VALIDATED
14331,0.49,VALIDATED
11107,0.49,VALIDATED
13378,0.49,VALIDATED
13333,0.49,VALIDATED
6844,0.49,VALIDATED
12213,0.49,VALIDATED
26314,0.49,VALIDATED
4343,0.49,VALIDATED
27825,0.49,VALIDATED
27822,0.49,VALIDATED
4356,0.49,VALIDATED
27648,0.49,VALIDATED
6837,0.49,VALIDATED
4350,0.49,VALIDATED
4340,0.49,VALIDATED
4341,0.49,VALIDATED
4335,0.49,VALIDATED
4334,0.49,VALIDATED
14226,0.48,VALIDATED
6793,0.48,VALIDATED
14024,0.48,VALIDATED
4357,0.48,VALIDATED
13947,0.48,VALIDATED
14261,0.48,VALIDATED
6836,0.48,VALIDATED
13979,0.48,VALIDATED
4319,0.48,VALIDATED
13575,0.48,VALIDATED
13836,0.48,VALIDATED
14297,0.47,VALIDATED
14339,0.47,VALIDATED
4351,0.47,VALIDATED
17833,0.47,VALIDATED
11841,0.47,VALIDATED
16412,0.47,VALIDATED
14002,0.47,VALIDATED
14332,0.47,VALIDATED
11147,0.47,VALIDATED
13872,0.46,VALIDATED
14050,0.46,VALIDATED
13944,0.46,VALIDATED
14262,0.46,VALIDATED
26281,0.46,VALIDATED
14014,0.46,VALIDATED
14049,0.46,VALIDATED
13667,0.46,VALIDATED
4360,0.45,VALIDATED
13908,0.45,VALIDATED
4378,0.45,VALIDATED
4361,0.45,VALIDATED
13589,0.45,VALIDATED
14156,0.45,VALIDATED
14086,0.45,VALIDATED
13953,0.45,VALIDATED
6209,0.44,VALIDATED
3690,0.44,VALIDATED
14227,0.44,VALIDATED
14120,0.44,VALIDATED
16420,0.44,VALIDATED
14191,0.44,VALIDATED
12028,0.44,VALIDATED
14015,0.44,VALIDATED
4981,0.44,VALIDATED
11532,0.43,VALIDATED
14338,0.43,VALIDATED
4317,0.43,VALIDATED
6840,0.43,VALIDATED
4290,0.43,VALIDATED
4284,0.42,VALIDATED
5346,0.42,VALIDATED
5343,0.41,VALIDATED
6792,0.41,VALIDATED
6227,0.41,VALIDATED
4358,0.41,VALIDATED
7534,0.41,VALIDATED
14529,0.41,VALIDATED
2178,0.41,VALIDATED
11600,0.41,VALIDATED
4359,0.41,VALIDATED
5177,0.41,VALIDATED
28105,0.41,VALIDATED
6237,0.4,VALIDATED
6211,0.4,VALIDATED
6254,0.4,VALIDATED
5970,0.4,VALIDATED
12089,0.4,VALIDATED
5908,0.39,VALIDATED
6239,0.39,VALIDATED
6207,0.39,VALIDATED
11349,0.39,VALIDATED
13295,0.38,VALIDATED
7689,0.38,VALIDATED
12421,0.38,VALIDATED
6243,0.38,VALIDATED
6831,0.38,VALIDATED
9319,0.38,VALIDATED
4330,0.38,VALIDATED
12453,0.37,VALIDATED
4338,0.37,VALIDATED
5280,0.37,VALIDATED
4339,0.37,VALIDATED
7686,0.37,VALIDATED
4331,0.37,VALIDATED
6233,0.37,VALIDATED
6203,0.37,VALIDATED
6801,0.36,VALIDATED
6235,0.35,VALIDATED
16109,0.35,VALIDATED
6215,0.35,VALIDATED
4332,0.35,VALIDATED
6205,0.35,VALIDATED
4276,0.35,VALIDATED
6241,0.35,VALIDATED
6857,0.35,VALIDATED
3694,0.35,VALIDATED
4333,0.34,VALIDATED
9304,0.34,VALIDATED
14506,0.34,VALIDATED
3532,0.34,VALIDATED
7690,0.34,VALIDATED
4278,0.34,VALIDATED
7546,0.34,VALIDATED
23764,0.33,VALIDATED
12457,0.33,VALIDATED
6279,0.33,VALIDATED
16046,0.33,VALIDATED
17153,0.33,VALIDATED
27787,0.33,VALIDATED
4353,0.33,VALIDATED
4352,0.33,VALIDATED
12450,0.33,VALIDATED
6808,0.32,VALIDATED
4207,0.32,VALIDATED
6260,0.32,VALIDATED
11461,0.32,VALIDATED
27800,0.32,VALIDATED
4238,0.32,VALIDATED
5963,0.32,VALIDATED
4346,0.31,VALIDATED
11441,0.31,VALIDATED
7520,0.31,VALIDATED
6783,0.31,VALIDATED
6264,0.31,VALIDATED
6864,0.31,VALIDATED
4355,0.31,VALIDATED
4354,0.31,VALIDATED
4347,0.31,VALIDATED
4242,0.31,VALIDATED
7692,0.31,VALIDATED
27802,0.3,VALIDATED
16277,0.3,VALIDATED
5968,0.3,VALIDATED
12423,0.3,VALIDATED
7680,0.3,VALIDATED
4248,0.3,VALIDATED
6859,0.29,VALIDATED
2172,0.29,VALIDATED
3466,0.29,VALIDATED
9358,0.29,VALIDATED
7687,0.29,VALIDATED
16450,0.29,VALIDATED
12390,0.28,VALIDATED
16339,0.28,VALIDATED
6225,0.28,VALIDATED
6202,0.28,VALIDATED
2176,0.27,VALIDATED
11769,0.27,VALIDATED
4244,0.27,VALIDATED
4240,0.27,VALIDATED
12496,0.27,VALIDATED
4292,0.27,VALIDATED
12490,0.27,VALIDATED
15519,0.27,VALIDATED
11072,0.27,VALIDATED
5196,0.27,VALIDATED
6218,0.27,VALIDATED
4250,0.27,VALIDATED
16233,0.27,VALIDATED
2173,0.26,VALIDATED
5158,0.26,VALIDATED
15457,0.26,VALIDATED
6850,0.26,VALIDATED
4509,0.26,VALIDATED
7683,0.26,VALIDATED
27788,0.26,VALIDATED
2177,0.26,VALIDATED
4246,0.26,VALIDATED
4282,0.26,VALIDATED
2174,0.26,VALIDATED
2175,0.26,VALIDATED
2171,0.26,VALIDATED
4495,0.25,VALIDATED
11098,0.25,VALIDATED
18363,0.25,VALIDATED
4379,0.25,VALIDATED
4252,0.25,VALIDATED
7684,0.25,VALIDATED
18362,0.25,VALIDATED
13292,0.25,VALIDATED
4294,0.25,VALIDATED
18248,0.25,VALIDATED
4231,0.25,VALIDATED
4286,0.25,VALIDATED
4288,0.25,VALIDATED
7582,0.25,VALIDATED
11064,0.25,VALIDATED
16404,0.25,VALIDATED
6282,0.24,VALIDATED
4229,0.24,VALIDATED
4225,0.24,VALIDATED
18367,0.24,VALIDATED
7557,0.24,VALIDATED
11071,0.24,VALIDATED
26207,0.24,VALIDATED
4273,0.24,VALIDATED
26171,0.23,VALIDATED
26348,0.23,VALIDATED
7653,0.23,VALIDATED
16481,0.23,VALIDATED
12360,0.23,VALIDATED
13649,0.23,VALIDATED
4227,0.23,VALIDATED
18360,0.23,VALIDATED
18350,0.23,VALIDATED
18355,0.23,VALIDATED
12411,0.22,VALIDATED
7642,0.22,VALIDATED
4484,0.22,VALIDATED
18230,0.22,VALIDATED
4480,0.22,VALIDATED
18366,0.22,VALIDATED
18361,0.22,VALIDATED
13665,0.22,VALIDATED
4429,0.22,VALIDATED
11900,0.22,VALIDATED
6811,0.22,VALIDATED
7393,0.22,VALIDATED
16462,0.22,VALIDATED
4259,0.22,VALIDATED
15929,0.22,VALIDATED
16435,0.22,VALIDATED
4511,0.22,VALIDATED
11658,0.22,VALIDATED
4505,0.21,VALIDATED
4984,0.21,VALIDATED
4472,0.21,VALIDATED
4233,0.21,VALIDATED
18351,0.21,VALIDATED
26204,0.21,VALIDATED
6789,0.21,VALIDATED
3708,0.21,VALIDATED
26248,0.21,VALIDATED
6856,0.21,VALIDATED
12413,0.21,VALIDATED
15951,0.21,VALIDATED
16193,0.21,VALIDATED
4265,0.21,VALIDATED
4261,0.21,VALIDATED
3600,0.21,VALIDATED
15895,0.21,VALIDATED
4507,0.21,VALIDATED
4433,0.21,VALIDATED
6781,0.21,VALIDATED
4488,0.21,VALIDATED
4423,0.21,VALIDATED
4441,0.21,VALIDATED
4427,0.21,VALIDATED
4443,0.21,VALIDATED
6248,0.2,VALIDATED
4439,0.2,VALIDATED
4437,0.2,VALIDATED
4503,0.2,VALIDATED
9336,0.2,VALIDATED
4414,0.2,VALIDATED
4435,0.2,VALIDATED
4420,0.2,VALIDATED
16024,0.2,VALIDATED
16454,0.2,VALIDATED
4412,0.2,VALIDATED
16458,0.2,VALIDATED
3468,0.2,VALIDATED
3722,0.2,VALIDATED
4431,0.2,VALIDATED
4418,0.2,VALIDATED
6825,0.2,VALIDATED
4391,0.2,VALIDATED
4445,0.2,VALIDATED
4236,0.2,VALIDATED
5973,0.2,VALIDATED
16846,0.2,VALIDATED
4482,0.19,VALIDATED
11780,0.19,VALIDATED
12053,0.19,VALIDATED
4465,0.19,VALIDATED
5175,0.19,VALIDATED
4410,0.19,VALIDATED
13296,0.19,VALIDATED
4389,0.19,VALIDATED
4406,0.19,VALIDATED
4263,0.19,VALIDATED
4425,0.19,VALIDATED
1576,0.19,VALIDATED
4267,0.19,VALIDATED
17834,0.19,VALIDATED
7463,0.19,VALIDATED
15486,0.19,VALIDATED
11755,0.19,VALIDATED
5341,0.19,VALIDATED
4383,0.19,VALIDATED
11125,0.19,VALIDATED
17831,0.18,VALIDATED
1936,0.18,VALIDATED
5166,0.18,VALIDATED
4476,0.18,VALIDATED
4461,0.18,VALIDATED
12065,0.18,VALIDATED
4385,0.18,VALIDATED
4395,0.18,VALIDATED
4416,0.18,VALIDATED
4408,0.18,VALIDATED
4387,0.18,VALIDATED
7535,0.18,VALIDATED
4501,0.18,VALIDATED
6339,0.18,VALIDATED
4493,0.18,VALIDATED
9371,0.18,VALIDATED
11479,0.18,VALIDATED
4399,0.18,VALIDATED
11418,0.18,VALIDATED
4964,0.17,VALIDATED
6791,0.17,VALIDATED
43,0.17,VALIDATED
4402,0.17,VALIDATED
1954,0.17,VALIDATED
13317,0.17,VALIDATED
1935,0.17,VALIDATED
12446,0.17,VALIDATED
1952,0.17,VALIDATED
4474,0.17,VALIDATED
1455,0.17,VALIDATED
4499,0.17,VALIDATED
4491,0.17,VALIDATED
6172,0.17,VALIDATED
16941,0.17,VALIDATED
1487,0.17,VALIDATED
6222,0.17,VALIDATED
1499,0.17,VALIDATED
1497,0.17,VALIDATED
7247,0.17,VALIDATED
1479,0.17,VALIDATED
1503,0.17,VALIDATED
4470,0.16,VALIDATED
6788,0.16,VALIDATED
7571,0.16,VALIDATED
11995,0.16,VALIDATED
16824,0.16,VALIDATED
17029,0.16,VALIDATED
4393,0.16,VALIDATED
16466,0.16,VALIDATED
16800,0.16,VALIDATED
1575,0.16,VALIDATED
1541,0.16,VALIDATED
16835,0.16,VALIDATED
4449,0.16,VALIDATED
6867,0.16,VALIDATED
4497,0.16,VALIDATED
4455,0.16,VALIDATED
12463,0.16,VALIDATED
4486,0.16,VALIDATED
12262,0.16,VALIDATED
1504,0.16,VALIDATED
4467,0.16,VALIDATED
16860,0.16,VALIDATED
1938,0.16,VALIDATED
16930,0.16,VALIDATED
16906,0.16,VALIDATED
16719,0.16,VALIDATED
4404,0.15,VALIDATED
16087,0.15,VALIDATED
4397,0.15,VALIDATED
16917,0.15,VALIDATED
1951,0.15,VALIDATED
4451,0.15,VALIDATED
1540,0.15,VALIDATED
3730,0.15,VALIDATED
1824,0.15,VALIDATED
1566,0.15,VALIDATED
4269,0.15,VALIDATED
1921,0.15,VALIDATED
1922,0.15,VALIDATED
9361,0.15,VALIDATED
1505,0.15,VALIDATED
11496,0.15,VALIDATED
1949,0.15,VALIDATED
1937,0.15,VALIDATED
1933,0.15,VALIDATED
16965,0.15,VALIDATED
17018,0.15,VALIDATED
1601,0.15,VALIDATED
6818,0.15,VALIDATED
1647,0.15,VALIDATED
1446,0.15,VALIDATED
1454,0.15,VALIDATED
5966,0.15,VALIDATED
12101,0.15,VALIDATED
4254,0.14,VALIDATED
4453,0.14,VALIDATED
9338,0.14,VALIDATED
1560,0.14,VALIDATED
1559,0.14,VALIDATED
17006,0.14,VALIDATED
1442,0.14,VALIDATED
6784,0.14,VALIDATED
1531,0.14,VALIDATED
1796,0.14,VALIDATED
15867,0.14,VALIDATED
1899,0.14,VALIDATED
3602,0.14,VALIDATED
1840,0.14,VALIDATED
1953,0.14,VALIDATED
17024,0.14,VALIDATED
1696,0.14,VALIDATED
1695,0.14,VALIDATED
16999,0.14,VALIDATED
4223,0.14,VALIDATED
4221,0.14,VALIDATED
1733,0.14,VALIDATED
4215,0.14,VALIDATED
16811,0.14,VALIDATED
16789,0.14,VALIDATED
12349,0.14,VALIDATED
4271,0.14,VALIDATED
1664,0.14,VALIDATED
17008,0.14,VALIDATED
1475,0.14,VALIDATED
1488,0.14,VALIDATED
1776,0.14,VALIDATED
1777,0.14,VALIDATED
1789,0.14,VALIDATED
4478,0.14,VALIDATED
1637,0.14,VALIDATED
1638,0.14,VALIDATED
4459,0.14,VALIDATED
27823,0.14,VALIDATED
5028,0.14,VALIDATED
1613,0.14,VALIDATED
1904,0.13,VALIDATED
4741,0.13,VALIDATED
1717,0.13,VALIDATED
1900,0.13,VALIDATED
1655,0.13,VALIDATED
1663,0.13,VALIDATED
11913,0.13,VALIDATED
1823,0.13,VALIDATED
1523,0.13,VALIDATED
1770,0.13,VALIDATED
1806,0.13,VALIDATED
1798,0.13,VALIDATED
1797,0.13,VALIDATED
1839,0.13,VALIDATED
5023,0.13,VALIDATED
16741,0.13,VALIDATED
17014,0.13,VALIDATED
11217,0.13,VALIDATED
1474,0.13,VALIDATED
1526,0.13,VALIDATED
1648,0.13,VALIDATED
17010,0.13,VALIDATED
1697,0.13,VALIDATED
4463,0.13,VALIDATED
3715,0.12,VALIDATED
16776,0.12,VALIDATED
1439,0.12,VALIDATED
1651,0.12,VALIDATED
4707,0.12,VALIDATED
4257,0.12,VALIDATED
1906,0.12,VALIDATED
1905,0.12,VALIDATED
4457,0.12,VALIDATED
6190,0.12,VALIDATED
1856,0.12,VALIDATED
1635,0.12,VALIDATED
1614,0.12,VALIDATED
1600,0.12,VALIDATED
5431,0.12,VALIDATED
16895,0.12,VALIDATED
16871,0.12,VALIDATED
1774,0.12,VALIDATED
5314,0.12,VALIDATED
16882,0.12,VALIDATED
16765,0.12,VALIDATED
6252,0.12,VALIDATED
5069,0.12,VALIDATED
16424,0.12,VALIDATED
1624,0.12,VALIDATED
4740,0.12,VALIDATED
15424,0.12,VALIDATED
1831,0.12,VALIDATED
1716,0.12,VALIDATED
11733,0.12,VALIDATED
16427,0.11,VALIDATED
4991,0.11,VALIDATED
4992,0.11,VALIDATED
7244,0.11,VALIDATED
7221,0.11,VALIDATED
15508,0.11,VALIDATED
16443,0.11,VALIDATED
1830,0.11,VALIDATED
5736,0.11,VALIDATED
16506,0.11,VALIDATED
7392,0.11,VALIDATED
1919,0.11,VALIDATED
1918,0.11,VALIDATED
1920,0.11,VALIDATED
6410,0.11,VALIDATED
1855,0.11,VALIDATED
1847,0.11,VALIDATED
5243,0.11,VALIDATED
1814,0.11,VALIDATED
1732,0.11,VALIDATED
1649,0.11,VALIDATED
1718,0.11,VALIDATED
1724,0.11,VALIDATED
4219,0.11,VALIDATED
7678,0.11,VALIDATED
4217,0.11,VALIDATED
12467,0.11,VALIDATED
5068,0.11,VALIDATED
1599,0.11,VALIDATED
16754,0.11,VALIDATED
5174,0.11,VALIDATED
7245,0.11,VALIDATED
1691,0.11,VALIDATED
1690,0.11,VALIDATED
5263,0.1,VALIDATED
17004,0.1,VALIDATED
17016,0.1,VALIDATED
16952,0.1,VALIDATED
16730,0.1,VALIDATED
4700,0.1,VALIDATED
5135,0.1,VALIDATED
16987,0.1,VALIDATED
5703,0.1,VALIDATED
1681,0.1,VALIDATED
11422,0.1,VALIDATED
16976,0.1,VALIDATED
3498,0.1,VALIDATED
1810,0.1,VALIDATED
3729,0.1,VALIDATED
12201,0.1,VALIDATED
5242,0.1,VALIDATED
1720,0.1,VALIDATED
4917,0.1,VALIDATED
3712,0.1,VALIDATED
11192,0.1,VALIDATED
1843,0.1,VALIDATED
1752,0.09,VALIDATED
4881,0.09,VALIDATED
5464,0.09,VALIDATED
1790,0.09,VALIDATED
1630,0.09,VALIDATED
1625,0.09,VALIDATED
1629,0.09,VALIDATED
1631,0.09,VALIDATED
5734,0.09,VALIDATED
16383,0.09,VALIDATED
16065,0.09,VALIDATED
1842,0.09,VALIDATED
12425,0.09,VALIDATED
11470,0.09,VALIDATED
12125,0.09,VALIDATED
7474,0.09,VALIDATED
9332,0.09,VALIDATED
787,0.09,VALIDATED
17012,0.09,VALIDATED
4774,0.09,VALIDATED
5136,0.09,VALIDATED
5465,0.09,VALIDATED
3710,0.09,VALIDATED
1808,0.09,VALIDATED
9485,0.09,VALIDATED
1768,0.08,VALIDATED
14794,0.08,VALIDATED
14578,0.08,VALIDATED
1275,0.08,VALIDATED
16361,0.08,VALIDATED
11549,0.08,VALIDATED
5569,0.08,VALIDATED
5103,0.08,VALIDATED
16446,0.08,VALIDATED
4916,0.08,VALIDATED
1759,0.08,VALIDATED
1755,0.08,VALIDATED
1753,0.08,VALIDATED
5498,0.08,VALIDATED
16315,0.08,VALIDATED
17050,0.08,VALIDATED
1680,0.08,VALIDATED
15975,0.08,VALIDATED
1712,0.08,VALIDATED
15907,0.08,VALIDATED
15932,0.08,VALIDATED
12264,0.08,VALIDATED
1807,0.08,VALIDATED
11889,0.08,VALIDATED
1828,0.08,VALIDATED
16408,0.08,VALIDATED
1679,0.08,VALIDATED
1673,0.08,VALIDATED
1675,0.08,VALIDATED
5430,0.08,VALIDATED
5313,0.08,VALIDATED
5210,0.08,VALIDATED
5354,0.08,VALIDATED
1751,0.08,VALIDATED
3738,0.08,VALIDATED
553,0.08,VALIDATED
14519,0.08,VALIDATED
17035,0.08,VALIDATED
7664,0.08,VALIDATED
14758,0.08,VALIDATED
14472,0.08,VALIDATED
5173,0.08,VALIDATED
1292,0.07,VALIDATED
537,0.07,VALIDATED
413,0.07,VALIDATED
1715,0.07,VALIDATED
434,0.07,VALIDATED
450,0.07,VALIDATED
417,0.07,VALIDATED
419,0.07,VALIDATED
14474,0.07,VALIDATED
18557,0.07,VALIDATED
14437,0.07,VALIDATED
24986,0.07,VALIDATED
14765,0.07,VALIDATED
14729,0.07,VALIDATED
17052,0.07,VALIDATED
27804,0.07,VALIDATED
14648,0.07,VALIDATED
14612,0.07,VALIDATED
15954,0.07,VALIDATED
5391,0.07,VALIDATED
15979,0.07,VALIDATED
14728,0.07,VALIDATED
9496,0.07,VALIDATED
14838,0.07,VALIDATED
12438,0.07,VALIDATED
1714,0.07,VALIDATED
17897,0.07,VALIDATED
14796,0.07,VALIDATED
14800,0.07,VALIDATED
5029,0.07,VALIDATED
785,0.07,VALIDATED
12067,0.07,VALIDATED
14868,0.07,VALIDATED
14687,0.07,VALIDATED
14832,0.07,VALIDATED
14692,0.07,VALIDATED
9393,0.07,VALIDATED
9354,0.07,VALIDATED
6820,0.07,VALIDATED
14759,0.07,VALIDATED
484,0.07,VALIDATED
6870,0.07,VALIDATED
14614,0.07,VALIDATED
14613,0.07,VALIDATED
12103,0.07,VALIDATED
15866,0.07,VALIDATED
12139,0.07,VALIDATED
610,0.07,VALIDATED
12338,0.07,VALIDATED
12451,0.07,VALIDATED
14650,0.07,VALIDATED
14795,0.07,VALIDATED
1189,0.07,VALIDATED
1101,0.07,VALIDATED
1187,0.07,VALIDATED
1188,0.07,VALIDATED
5702,0.07,VALIDATED
589,0.07,VALIDATED
15933,0.07,VALIDATED
14939,0.07,VALIDATED
11782,0.07,VALIDATED
14723,0.07,VALIDATED
14903,0.07,VALIDATED
11746,0.07,VALIDATED
11886,0.07,VALIDATED
521,0.07,VALIDATED
1742,0.07,VALIDATED
15947,0.07,VALIDATED
14875,0.07,VALIDATED
16425,0.07,VALIDATED
9444,0.07,VALIDATED
4880,0.07,VALIDATED
14621,0.06,VALIDATED
14766,0.06,VALIDATED
14802,0.06,VALIDATED
14839,0.06,VALIDATED
17896,0.06,VALIDATED
5209,0.06,VALIDATED
12177,0.06,VALIDATED
11413,0.06,VALIDATED
412,0.06,VALIDATED
411,0.06,VALIDATED
504,0.06,VALIDATED
626,0.06,VALIDATED
624,0.06,VALIDATED
623,0.06,VALIDATED
1139,0.06,VALIDATED
5102,0.06,VALIDATED
131,0.06,VALIDATED
519,0.06,VALIDATED
515,0.06,VALIDATED
12132,0.06,VALIDATED
11630,0.06,VALIDATED
258,0.06,VALIDATED
14370,0.06,VALIDATED
14407,0.06,VALIDATED
14481,0.06,VALIDATED
15656,0.06,VALIDATED
12196,0.06,VALIDATED
15572,0.06,VALIDATED
14444,0.06,VALIDATED
766,0.06,VALIDATED
17665,0.06,VALIDATED
5568,0.06,VALIDATED
468,0.06,VALIDATED
11704,0.06,VALIDATED
17664,0.06,VALIDATED
17663,0.06,VALIDATED
17668,0.06,VALIDATED
17666,0.06,VALIDATED
11849,0.06,VALIDATED
11677,0.06,VALIDATED
11859,0.06,VALIDATED
7509,0.06,VALIDATED
15953,0.06,VALIDATED
15688,0.06,VALIDATED
1740,0.06,VALIDATED
7356,0.06,VALIDATED
6767,0.06,VALIDATED
857,0.06,VALIDATED
377,0.06,VALIDATED
345,0.06,VALIDATED
11887,0.06,VALIDATED
1226,0.06,VALIDATED
360,0.06,VALIDATED
328,0.06,VALIDATED
12175,0.06,VALIDATED
11975,0.06,VALIDATED
396,0.06,VALIDATED
327,0.06,VALIDATED
14805,0.06,VALIDATED
14697,0.06,VALIDATED
14685,0.06,VALIDATED
14914,0.06,VALIDATED
14878,0.06,VALIDATED
14733,0.06,VALIDATED
14950,0.06,VALIDATED
14842,0.06,VALIDATED
237,0.06,VALIDATED
361,0.06,VALIDATED
14362,0.06,VALIDATED
14831,0.06,VALIDATED
14517,0.06,VALIDATED
14722,0.06,VALIDATED
1080,0.06,VALIDATED
1079,0.06,VALIDATED
1183,0.06,VALIDATED
11854,0.06,VALIDATED
1738,0.06,VALIDATED
11709,0.06,VALIDATED
14867,0.06,VALIDATED
1273,0.06,VALIDATED
1272,0.06,VALIDATED
11714,0.06,VALIDATED
12134,0.06,VALIDATED
14830,0.06,VALIDATED
14902,0.06,VALIDATED
14938,0.06,VALIDATED
14940,0.06,VALIDATED
14398,0.06,VALIDATED
14866,0.06,VALIDATED
14368,0.06,VALIDATED
1100,0.06,VALIDATED
1099,0.06,VALIDATED
1098,0.06,VALIDATED
1082,0.06,VALIDATED
1081,0.06,VALIDATED
263,0.06,VALIDATED
4770,0.06,VALIDATED
599,0.06,VALIDATED
3718,0.06,VALIDATED
14649,0.06,VALIDATED
14399,0.06,VALIDATED
14686,0.06,VALIDATED
14911,0.06,VALIDATED
12140,0.06,VALIDATED
11892,0.06,VALIDATED
11783,0.06,VALIDATED
1274,0.06,VALIDATED
14412,0.06,VALIDATED
5961,0.06,VALIDATED
1033,0.06,VALIDATED
1118,0.06,VALIDATED
5067,0.06,VALIDATED
5056,0.06,VALIDATED
12146,0.06,VALIDATED
14449,0.06,VALIDATED
1065,0.06,VALIDATED
274,0.06,VALIDATED
11642,0.06,VALIDATED
11981,0.06,VALIDATED
14590,0.06,VALIDATED
572,0.06,VALIDATED
12469,0.06,VALIDATED
5027,0.06,VALIDATED
5009,0.06,VALIDATED
14405,0.06,VALIDATED
14947,0.06,VALIDATED
12030,0.06,VALIDATED
11818,0.06,VALIDATED
11635,0.06,VALIDATED
11276,0.06,VALIDATED
14793,0.06,VALIDATED
11675,0.06,VALIDATED
12110,0.06,VALIDATED
12035,0.06,VALIDATED
779,0.06,VALIDATED
12551,0.06,VALIDATED
6257,0.06,VALIDATED
12104,0.06,VALIDATED
12068,0.06,VALIDATED
11819,0.06,VALIDATED
14408,0.06,VALIDATED
14482,0.06,VALIDATED
14479,0.06,VALIDATED
11823,0.06,VALIDATED
14373,0.06,VALIDATED
11985,0.06,VALIDATED
17027,0.06,VALIDATED
17106,0.06,VALIDATED
17081,0.06,VALIDATED
13520,0.06,VALIDATED
14576,0.06,VALIDATED
14361,0.06,VALIDATED
14721,0.06,VALIDATED
14435,0.06,VALIDATED
14757,0.06,VALIDATED
14874,0.06,VALIDATED
6861,0.06,VALIDATED
14693,0.06,VALIDATED
17643,0.06,VALIDATED
12500,0.06,VALIDATED
15189,0.06,VALIDATED
15195,0.06,VALIDATED
6199,0.06,VALIDATED
17753,0.06,VALIDATED
17754,0.06,VALIDATED
17762,0.06,VALIDATED
15972,0.06,VALIDATED
979,0.06,VALIDATED
17671,0.06,VALIDATED
17678,0.06,VALIDATED
5134,0.06,VALIDATED
4739,0.06,VALIDATED
4738,0.06,VALIDATED
1291,0.06,VALIDATED
1283,0.06,VALIDATED
1282,0.06,VALIDATED
15446,0.06,VALIDATED
15968,0.06,VALIDATED
15924,0.06,VALIDATED
15963,0.06,VALIDATED
15958,0.06,VALIDATED
15961,0.06,VALIDATED
15570,0.06,VALIDATED
15343,0.06,VALIDATED
15334,0.06,VALIDATED
12444,0.06,VALIDATED
15341,0.06,VALIDATED
15984,0.06,VALIDATED
15974,0.06,VALIDATED
15970,0.06,VALIDATED
15971,0.06,VALIDATED
15966,0.06,VALIDATED
15559,0.06,VALIDATED
15249,0.06,VALIDATED
15258,0.06,VALIDATED
15923,0.06,VALIDATED
15256,0.06,VALIDATED
16017,0.06,VALIDATED
16031,0.06,VALIDATED
14445,0.06,VALIDATED
14442,0.06,VALIDATED
14619,0.06,VALIDATED
14655,0.06,VALIDATED
821,0.06,VALIDATED
11979,0.06,VALIDATED
11674,0.06,VALIDATED
12141,0.06,VALIDATED
890,0.06,VALIDATED
2106,0.05,VALIDATED
889,0.05,VALIDATED
7870,0.05,VALIDATED
18232,0.05,VALIDATED
4879,0.05,VALIDATED
876,0.05,VALIDATED
877,0.05,VALIDATED
449,0.05,VALIDATED
15384,0.05,VALIDATED
11748,0.05,VALIDATED
11784,0.05,VALIDATED
11312,0.05,VALIDATED
308,0.05,VALIDATED
292,0.05,VALIDATED
407,0.05,VALIDATED
406,0.05,VALIDATED
503,0.05,VALIDATED
493,0.05,VALIDATED
536,0.05,VALIDATED
528,0.05,VALIDATED
524,0.05,VALIDATED
625,0.05,VALIDATED
4907,0.05,VALIDATED
4906,0.05,VALIDATED
4905,0.05,VALIDATED
4990,0.05,VALIDATED
220,0.05,VALIDATED
432,0.05,VALIDATED
420,0.05,VALIDATED
11637,0.05,VALIDATED
12105,0.05,VALIDATED
14735,0.05,VALIDATED
6779,0.05,VALIDATED
25572,0.05,VALIDATED
15338,0.05,VALIDATED
15335,0.05,VALIDATED
11856,0.05,VALIDATED
130,0.05,VALIDATED
520,0.05,VALIDATED
11739,0.05,VALIDATED
11775,0.05,VALIDATED
11665,0.05,VALIDATED
12168,0.05,VALIDATED
12060,0.05,VALIDATED
12096,0.05,VALIDATED
11702,0.05,VALIDATED
11847,0.05,VALIDATED
12023,0.05,VALIDATED
11884,0.05,VALIDATED
11922,0.05,VALIDATED
15255,0.05,VALIDATED
12448,0.05,VALIDATED
15960,0.05,VALIDATED
15783,0.05,VALIDATED
16028,0.05,VALIDATED
16003,0.05,VALIDATED
11566,0.05,VALIDATED
16037,0.05,VALIDATED
15246,0.05,VALIDATED
15250,0.05,VALIDATED
15661,0.05,VALIDATED
15900,0.05,VALIDATED
15663,0.05,VALIDATED
15922,0.05,VALIDATED
15926,0.05,VALIDATED
15646,0.05,VALIDATED
11200,0.05,VALIDATED
244,0.05,VALIDATED
552,0.05,VALIDATED
544,0.05,VALIDATED
540,0.05,VALIDATED
4915,0.05,VALIDATED
467,0.05,VALIDATED
459,0.05,VALIDATED
12465,0.05,VALIDATED
5735,0.05,VALIDATED
5726,0.05,VALIDATED
5725,0.05,VALIDATED
5724,0.05,VALIDATED
14952,0.05,VALIDATED
14916,0.05,VALIDATED
455,0.05,VALIDATED
713,0.05,VALIDATED
12133,0.05,VALIDATED
6277,0.05,VALIDATED
11667,0.05,VALIDATED
11813,0.05,VALIDATED
11740,0.05,VALIDATED
15653,0.05,VALIDATED
12173,0.05,VALIDATED
15575,0.05,VALIDATED
15288,0.05,VALIDATED
15299,0.05,VALIDATED
15931,0.05,VALIDATED
15973,0.05,VALIDATED
15642,0.05,VALIDATED
15959,0.05,VALIDATED
15604,0.05,VALIDATED
15605,0.05,VALIDATED
15903,0.05,VALIDATED
12016,0.05,VALIDATED
11776,0.05,VALIDATED
11812,0.05,VALIDATED
12061,0.05,VALIDATED
15340,0.05,VALIDATED
11443,0.05,VALIDATED
5126,0.05,VALIDATED
4737,0.05,VALIDATED
4736,0.05,VALIDATED
970,0.05,VALIDATED
966,0.05,VALIDATED
964,0.05,VALIDATED
5389,0.05,VALIDATED
12097,0.05,VALIDATED
11885,0.05,VALIDATED
17670,0.05,VALIDATED
12169,0.05,VALIDATED
11964,0.05,VALIDATED
11777,0.05,VALIDATED
12063,0.05,VALIDATED
12099,0.05,VALIDATED
11923,0.05,VALIDATED
1225,0.05,VALIDATED
1224,0.05,VALIDATED
1220,0.05,VALIDATED
334,0.05,VALIDATED
17748,0.05,VALIDATED
17760,0.05,VALIDATED
16215,0.05,VALIDATED
15925,0.05,VALIDATED
17676,0.05,VALIDATED
17677,0.05,VALIDATED
978,0.05,VALIDATED
17679,0.05,VALIDATED
346,0.05,VALIDATED
395,0.05,VALIDATED
394,0.05,VALIDATED
390,0.05,VALIDATED
15583,0.05,VALIDATED
15562,0.05,VALIDATED
15569,0.05,VALIDATED
15579,0.05,VALIDATED
15660,0.05,VALIDATED
15659,0.05,VALIDATED
15689,0.05,VALIDATED
15944,0.05,VALIDATED
317,0.05,VALIDATED
311,0.05,VALIDATED
9334,0.05,VALIDATED
15522,0.05,VALIDATED
11622,0.05,VALIDATED
15157,0.05,VALIDATED
17761,0.05,VALIDATED
17749,0.05,VALIDATED
17764,0.05,VALIDATED
14771,0.05,VALIDATED
14807,0.05,VALIDATED
783,0.05,VALIDATED
10617,0.05,VALIDATED
309,0.05,VALIDATED
11848,0.05,VALIDATED
11921,0.05,VALIDATED
11182,0.05,VALIDATED
228,0.05,VALIDATED
221,0.05,VALIDATED
5353,0.05,VALIDATED
14436,0.05,VALIDATED
14473,0.05,VALIDATED
14577,0.05,VALIDATED
17117,0.05,VALIDATED
17037,0.05,VALIDATED
17064,0.05,VALIDATED
27789,0.05,VALIDATED
17060,0.05,VALIDATED
17041,0.05,VALIDATED
17048,0.05,VALIDATED
17066,0.05,VALIDATED
17043,0.05,VALIDATED
17046,0.05,VALIDATED
14528,0.05,VALIDATED
15863,0.05,VALIDATED
1115,0.05,VALIDATED
11927,0.05,VALIDATED
11640,0.05,VALIDATED
11368,0.05,VALIDATED
17070,0.05,VALIDATED
17092,0.05,VALIDATED
17025,0.05,VALIDATED
12108,0.05,VALIDATED
11932,0.05,VALIDATED
11896,0.05,VALIDATED
12144,0.05,VALIDATED
12180,0.05,VALIDATED
11751,0.05,VALIDATED
11787,0.05,VALIDATED
27786,0.05,VALIDATED
17033,0.05,VALIDATED
17058,0.05,VALIDATED
12072,0.05,VALIDATED
14588,0.05,VALIDATED
14410,0.05,VALIDATED
14538,0.05,VALIDATED
14624,0.05,VALIDATED
14484,0.05,VALIDATED
14447,0.05,VALIDATED
14660,0.05,VALIDATED
12025,0.05,VALIDATED
14904,0.05,VALIDATED
14769,0.05,VALIDATED
4695,0.05,VALIDATED
4682,0.05,VALIDATED
4674,0.05,VALIDATED
14401,0.05,VALIDATED
11930,0.05,VALIDATED
5429,0.05,VALIDATED
5427,0.05,VALIDATED
14371,0.05,VALIDATED
14658,0.05,VALIDATED
14586,0.05,VALIDATED
14534,0.05,VALIDATED
14731,0.05,VALIDATED
14695,0.05,VALIDATED
14622,0.05,VALIDATED
14583,0.05,VALIDATED
781,0.05,VALIDATED
12472,0.05,VALIDATED
12176,0.05,VALIDATED
11855,0.05,VALIDATED
12031,0.05,VALIDATED
11636,0.05,VALIDATED
11294,0.05,VALIDATED
11928,0.05,VALIDATED
14844,0.05,VALIDATED
11331,0.05,VALIDATED
11753,0.05,VALIDATED
11638,0.05,VALIDATED
14542,0.05,VALIDATED
26157,0.05,VALIDATED
5700,0.05,VALIDATED
5699,0.05,VALIDATED
11403,0.05,VALIDATED
15816,0.05,VALIDATED
15860,0.05,VALIDATED
15849,0.05,VALIDATED
4671,0.05,VALIDATED
5497,0.05,VALIDATED
4771,0.05,VALIDATED
608,0.05,VALIDATED
606,0.05,VALIDATED
14521,0.05,VALIDATED
11778,0.05,VALIDATED
14579,0.05,VALIDATED
11850,0.05,VALIDATED
11814,0.05,VALIDATED
14651,0.05,VALIDATED
14438,0.05,VALIDATED
12135,0.05,VALIDATED
12171,0.05,VALIDATED
14475,0.05,VALIDATED
11861,0.05,VALIDATED
14626,0.05,VALIDATED
12074,0.05,VALIDATED
11712,0.05,VALIDATED
26424,0.05,VALIDATED
17669,0.05,VALIDATED
17667,0.05,VALIDATED
12098,0.05,VALIDATED
12170,0.05,VALIDATED
11966,0.05,VALIDATED
12062,0.05,VALIDATED
483,0.05,VALIDATED
5000,0.05,VALIDATED
4996,0.05,VALIDATED
11891,0.05,VALIDATED
11672,0.05,VALIDATED
11716,0.05,VALIDATED
11789,0.05,VALIDATED
11679,0.05,VALIDATED
11749,0.05,VALIDATED
12142,0.05,VALIDATED
11825,0.05,VALIDATED
12033,0.05,VALIDATED
4995,0.05,VALIDATED
264,0.05,VALIDATED
11404,0.05,VALIDATED
6056,0.05,VALIDATED
11894,0.05,VALIDATED
14486,0.05,VALIDATED
12182,0.05,VALIDATED
571,0.05,VALIDATED
16705,0.05,VALIDATED
17022,0.05,VALIDATED
14515,0.05,VALIDATED
14880,0.05,VALIDATED
588,0.05,VALIDATED
11673,0.05,VALIDATED
14615,0.05,VALIDATED
11710,0.05,VALIDATED
15869,0.05,VALIDATED
11977,0.05,VALIDATED
11747,0.05,VALIDATED
14364,0.05,VALIDATED
587,0.05,VALIDATED
584,0.05,VALIDATED
566,0.05,VALIDATED
565,0.05,VALIDATED
5055,0.05,VALIDATED
5054,0.05,VALIDATED
17672,0.05,VALIDATED
14375,0.05,VALIDATED
1066,0.05,VALIDATED
1057,0.05,VALIDATED
1053,0.05,VALIDATED
18513,0.05,VALIDATED
1050,0.05,VALIDATED
1044,0.05,VALIDATED
1032,0.05,VALIDATED
1031,0.05,VALIDATED
1117,0.05,VALIDATED
1116,0.05,VALIDATED
881,0.05,VALIDATED
5198,0.05,VALIDATED
12032,0.05,VALIDATED
12069,0.05,VALIDATED
11711,0.05,VALIDATED
11820,0.05,VALIDATED
14585,0.05,VALIDATED
14657,0.05,VALIDATED
14532,0.05,VALIDATED
14730,0.05,VALIDATED
14694,0.05,VALIDATED
820,0.05,VALIDATED
812,0.05,VALIDATED
809,0.05,VALIDATED
201,0.04,VALIDATED
749,0.04,VALIDATED
15349,0.04,VALIDATED
15375,0.04,VALIDATED
15373,0.04,VALIDATED
15368,0.04,VALIDATED
16002,0.04,VALIDATED
15374,0.04,VALIDATED
5171,0.04,VALIDATED
17675,0.04,VALIDATED
17674,0.04,VALIDATED
5167,0.04,VALIDATED
5164,0.04,VALIDATED
18516,0.04,VALIDATED
26425,0.04,VALIDATED
1049,0.04,VALIDATED
1048,0.04,VALIDATED
1027,0.04,VALIDATED
5208,0.04,VALIDATED
168,0.04,VALIDATED
680,0.04,VALIDATED
11742,0.04,VALIDATED
273,0.04,VALIDATED
265,0.04,VALIDATED
570,0.04,VALIDATED
17020,0.04,VALIDATED
15861,0.04,VALIDATED
15817,0.04,VALIDATED
15819,0.04,VALIDATED
586,0.04,VALIDATED
5172,0.04,VALIDATED
17889,0.04,VALIDATED
748,0.04,VALIDATED
738,0.04,VALIDATED
737,0.04,VALIDATED
291,0.04,VALIDATED
283,0.04,VALIDATED
151,0.04,VALIDATED
150,0.04,VALIDATED
140,0.04,VALIDATED
134,0.04,VALIDATED
734,0.04,VALIDATED
487,0.04,VALIDATED
485,0.04,VALIDATED
15862,0.04,VALIDATED
5496,0.04,VALIDATED
4773,0.04,VALIDATED
4772,0.04,VALIDATED
12026,0.04,VALIDATED
12070,0.04,VALIDATED
26422,0.04,VALIDATED
3727,0.04,VALIDATED
5488,0.04,VALIDATED
482,0.04,VALIDATED
481,0.04,VALIDATED
479,0.04,VALIDATED
169,0.04,VALIDATED
11857,0.04,VALIDATED
14662,0.04,VALIDATED
679,0.04,VALIDATED
669,0.04,VALIDATED
5311,0.04,VALIDATED
388,0.04,VALIDATED
11898,0.04,VALIDATED
12106,0.04,VALIDATED
11934,0.04,VALIDATED
11821,0.04,VALIDATED
7593,0.04,VALIDATED
7606,0.04,VALIDATED
11668,0.04,VALIDATED
5350,0.04,VALIDATED
27830,0.04,VALIDATED
27639,0.04,VALIDATED
5701,0.04,VALIDATED
12037,0.04,VALIDATED
11989,0.04,VALIDATED
12178,0.04,VALIDATED
5425,0.04,VALIDATED
5424,0.04,VALIDATED
11785,0.04,VALIDATED
12474,0.04,VALIDATED
11666,0.04,VALIDATED
11703,0.04,VALIDATED
236,0.04,VALIDATED
223,0.04,VALIDATED
14803,0.04,VALIDATED
17062,0.04,VALIDATED
17056,0.04,VALIDATED
17054,0.04,VALIDATED
17039,0.04,VALIDATED
17045,0.04,VALIDATED
15578,0.04,VALIDATED
15573,0.04,VALIDATED
15574,0.04,VALIDATED
15577,0.04,VALIDATED
12137,0.04,VALIDATED
710,0.04,VALIDATED
729,0.04,VALIDATED
728,0.04,VALIDATED
720,0.04,VALIDATED
184,0.04,VALIDATED
176,0.04,VALIDATED
172,0.04,VALIDATED
219,0.04,VALIDATED
210,0.04,VALIDATED
205,0.04,VALIDATED
204,0.04,VALIDATED
115,0.04,VALIDATED
15480,0.04,VALIDATED
17758,0.04,VALIDATED
17757,0.04,VALIDATED
17751,0.04,VALIDATED
16378,0.04,VALIDATED
17763,0.04,VALIDATED
17755,0.04,VALIDATED
17759,0.04,VALIDATED
17756,0.04,VALIDATED
15319,0.04,VALIDATED
15315,0.04,VALIDATED
15525,0.04,VALIDATED
11629,0.04,VALIDATED
5379,0.04,VALIDATED
5374,0.04,VALIDATED
5373,0.04,VALIDATED
15330,0.04,VALIDATED
15145,0.04,VALIDATED
15149,0.04,VALIDATED
15160,0.04,VALIDATED
16010,0.04,VALIDATED
15571,0.04,VALIDATED
15576,0.04,VALIDATED
15523,0.04,VALIDATED
15151,0.04,VALIDATED
15479,0.04,VALIDATED
15513,0.04,VALIDATED
854,0.04,VALIDATED
376,0.04,VALIDATED
368,0.04,VALIDATED
367,0.04,VALIDATED
344,0.04,VALIDATED
11968,0.04,VALIDATED
11631,0.04,VALIDATED
11218,0.04,VALIDATED
11705,0.04,VALIDATED
5241,0.04,VALIDATED
336,0.04,VALIDATED
335,0.04,VALIDATED
352,0.04,VALIDATED
348,0.04,VALIDATED
15652,0.04,VALIDATED
15946,0.04,VALIDATED
15662,0.04,VALIDATED
12024,0.04,VALIDATED
11893,0.04,VALIDATED
11929,0.04,VALIDATED
5122,0.04,VALIDATED
5121,0.04,VALIDATED
17750,0.04,VALIDATED
5388,0.04,VALIDATED
15290,0.04,VALIDATED
11741,0.04,VALIDATED
856,0.04,VALIDATED
873,0.04,VALIDATED
15283,0.04,VALIDATED
15289,0.04,VALIDATED
16012,0.04,VALIDATED
15985,0.04,VALIDATED
15987,0.04,VALIDATED
16006,0.04,VALIDATED
15568,0.04,VALIDATED
15928,0.04,VALIDATED
114,0.04,VALIDATED
15332,0.04,VALIDATED
15333,0.04,VALIDATED
15336,0.04,VALIDATED
15331,0.04,VALIDATED
15337,0.04,VALIDATED
1137,0.04,VALIDATED
1125,0.04,VALIDATED
1121,0.04,VALIDATED
5101,0.04,VALIDATED
5567,0.04,VALIDATED
5559,0.04,VALIDATED
5554,0.04,VALIDATED
5553,0.04,VALIDATED
15313,0.04,VALIDATED
15260,0.04,VALIDATED
874,0.04,VALIDATED
5093,0.04,VALIDATED
5091,0.04,VALIDATED
1119,0.04,VALIDATED
122,0.04,VALIDATED
121,0.04,VALIDATED
185,0.04,VALIDATED
11962,0.04,VALIDATED
11920,0.04,VALIDATED
11811,0.04,VALIDATED
16005,0.04,VALIDATED
15964,0.04,VALIDATED
15957,0.04,VALIDATED
15956,0.04,VALIDATED
15667,0.04,VALIDATED
15655,0.04,VALIDATED
12003,0.04,VALIDATED
15901,0.04,VALIDATED
15657,0.04,VALIDATED
11514,0.04,VALIDATED
15658,0.04,VALIDATED
765,0.04,VALIDATED
764,0.04,VALIDATED
256,0.04,VALIDATED
240,0.04,VALIDATED
239,0.04,VALIDATED
5240,0.04,VALIDATED
5239,0.04,VALIDATED
16021,0.04,VALIDATED
1173,0.04,VALIDATED
1172,0.04,VALIDATED
1164,0.04,VALIDATED
1160,0.04,VALIDATED
1158,0.04,VALIDATED
1155,0.04,VALIDATED
1154,0.04,VALIDATED
1146,0.04,VALIDATED
1142,0.04,VALIDATED
1141,0.04,VALIDATED
872,0.04,VALIDATED
868,0.04,VALIDATED
867,0.04,VALIDATED
15983,0.04,VALIDATED
16030,0.04,VALIDATED
15263,0.04,VALIDATED
15228,0.04,VALIDATED
15247,0.04,VALIDATED
15248,0.04,VALIDATED
15251,0.04,VALIDATED
15253,0.04,VALIDATED
15252,0.04,VALIDATED
16022,0.04,VALIDATED
4878,0.04,VALIDATED
694,0.04,VALIDATED
695,0.04,VALIDATED
4876,0.04,VALIDATED
696,0.04,VALIDATED
4877,0.04,VALIDATED
15921,0.04,VALIDATED
15938,0.04,VALIDATED
15939,0.04,VALIDATED
15934,0.04,VALIDATED
15937,0.04,VALIDATED
15902,0.04,VALIDATED
15899,0.04,VALIDATED
5197,0.04,VALIDATED
307,0.04,VALIDATED
299,0.04,VALIDATED
295,0.04,VALIDATED
293,0.04,VALIDATED
811,0.04,VALIDATED
441,0.04,VALIDATED
437,0.04,VALIDATED
435,0.04,VALIDATED
5463,0.04,VALIDATED
5462,0.04,VALIDATED
5461,0.04,VALIDATED
697,0.04,VALIDATED
5459,0.03,VALIDATED
718,0.03,VALIDATED
5199,0.03,VALIDATED
15945,0.03,VALIDATED
15936,0.03,VALIDATED
693,0.03,VALIDATED
16023,0.03,VALIDATED
15935,0.03,VALIDATED
16020,0.03,VALIDATED
15264,0.03,VALIDATED
15226,0.03,VALIDATED
15965,0.03,VALIDATED
11164,0.03,VALIDATED
5237,0.03,VALIDATED
763,0.03,VALIDATED
15262,0.03,VALIDATED
11628,0.03,VALIDATED
5092,0.03,VALIDATED
711,0.03,VALIDATED
15261,0.03,VALIDATED
712,0.03,VALIDATED
15311,0.03,VALIDATED
15270,0.03,VALIDATED
17128,0.03,VALIDATED
17031,0.03,VALIDATED
15314,0.03,VALIDATED
15355,0.03,VALIDATED
15344,0.03,VALIDATED
102,0.03,VALIDATED
106,0.03,VALIDATED
15348,0.03,VALIDATED
15345,0.03,VALIDATED
15346,0.03,VALIDATED
15347,0.03,VALIDATED
15904,0.03,VALIDATED
16029,0.03,VALIDATED
15986,0.03,VALIDATED
16018,0.03,VALIDATED
15988,0.03,VALIDATED
26423,0.03,VALIDATED
6171,0.03,VALIDATED
855,0.03,VALIDATED
7367,0.03,VALIDATED
26090,0.03,VALIDATED
366,0.03,VALIDATED
853,0.03,VALIDATED
15483,0.03,VALIDATED
15524,0.03,VALIDATED
9422,0.03,VALIDATED
15150,0.03,VALIDATED
15320,0.03,VALIDATED
4987,0.03,VALIDATED
4988,0.03,VALIDATED
4989,0.03,VALIDATED
719,0.03,VALIDATED
15818,0.03,VALIDATED
15850,0.03,VALIDATED
5348,0.03,VALIDATED
5351,0.03,VALIDATED
5352,0.03,VALIDATED
26158,0.03,VALIDATED
5310,0.03,VALIDATED
661,0.03,VALIDATED
663,0.03,VALIDATED
5485,0.03,VALIDATED
5487,0.03,VALIDATED
15820,0.03,VALIDATED
277,0.03,VALIDATED
279,0.03,VALIDATED
100,0.03,VALIDATED
5308,0.03,VALIDATED
17890,0.03,VALIDATED
17894,0.03,VALIDATED
761,0.03,VALIDATED
17895,0.03,VALIDATED
5309,0.03,VALIDATED
158,0.03,VALIDATED
159,0.03,VALIDATED
160,0.03,VALIDATED
187,0.03,VALIDATED
188,0.03,VALIDATED
15312,0.03,VALIDATED
15229,0.03,VALIDATED
200,0.03,VALIDATED
15259,0.02,VALIDATED
28107,0.02,VALIDATED
192,0.02,VALIDATED
