path_id,endpoint,clock_domain,slack_ns,delay_ns,inst_ids,inst_idx,droop_penalty_ns,effective_slack_ns,expected_risk_ns
4,dpath.b_reg.out[5]$_DFFE_PP_,clk_core,-0.14,0.43,34;36;38;176;197;240;242;249;257;260;306;309;705;706;707;721;730,"[34, 36, 38, 176, 197, 240, 242, 249, 257, 260, 306, 309, 705, 706, 707, 721, 730]",0.02699236328342811,-0.16699236328342812,0.02699236328342811
3,dpath.b_reg.out[14]$_DFFE_PP_,clk_core,-0.14,0.43,34;36;38;176;197;240;242;249;257;260;263;271;706;707;714;721;730,"[34, 36, 38, 176, 197, 240, 242, 249, 257, 260, 263, 271, 706, 707, 714, 721, 730]",0.026962195450202894,-0.1669621954502029,0.026962195450202894
6,dpath.b_reg.out[11]$_DFFE_PP_,clk_core,-0.14,0.43,34;36;38;176;197;240;242;249;257;260;281;284;706;707;715;721;730,"[34, 36, 38, 176, 197, 240, 242, 249, 257, 260, 281, 284, 706, 707, 715, 721, 730]",0.026920146874177747,-0.16692014687417775,0.026920146874177747
1,dpath.b_reg.out[10]$_DFFE_PP_,clk_core,-0.14,0.43,34;36;38;176;197;240;242;249;257;260;285;288;706;707;714;721;730,"[34, 36, 38, 176, 197, 240, 242, 249, 257, 260, 285, 288, 706, 707, 714, 721, 730]",0.026891618944800865,-0.16689161894480087,0.026891618944800865
0,dpath.b_reg.out[6]$_DFFE_PP_,clk_core,-0.14,0.43,34;36;38;176;197;240;242;249;257;260;302;305;706;707;721;730,"[34, 36, 38, 176, 197, 240, 242, 249, 257, 260, 302, 305, 706, 707, 721, 730]",0.026870992207981094,-0.1668709922079811,0.026870992207981094
2,dpath.b_reg.out[12]$_DFFE_PP_,clk_core,-0.14,0.43,34;36;38;176;197;240;242;249;257;260;276;280;706;707;714;721;730,"[34, 36, 38, 176, 197, 240, 242, 249, 257, 260, 276, 280, 706, 707, 714, 721, 730]",0.026701053187301184,-0.1667010531873012,0.026701053187301184
5,dpath.b_reg.out[7]$_DFFE_PP_,clk_core,-0.14,0.43,34;36;38;176;197;240;242;249;257;260;298;301;705;706;707;721;730,"[34, 36, 38, 176, 197, 240, 242, 249, 257, 260, 298, 301, 705, 706, 707, 721, 730]",0.026667412307073667,-0.1666674123070737,0.026667412307073667
19,dpath.a_reg.out[6]$_DFFE_PP_,clk_core,-0.14,0.42,34;36;38;176;197;240;242;249;344;400;403;405;406;706;707;710,"[34, 36, 38, 176, 197, 240, 242, 249, 344, 400, 403, 405, 406, 706, 707, 710]",0.026635566177804812,-0.16663556617780484,0.026635566177804812
16,dpath.b_reg.out[0]$_DFFE_PP_,clk_core,-0.14,0.42,34;36;38;176;197;240;242;249;257;260;261;330;331;705;706;707;722,"[34, 36, 38, 176, 197, 240, 242, 249, 257, 260, 261, 330, 331, 705, 706, 707, 722]",0.026494273924034025,-0.16649427392403404,0.026494273924034025
23,dpath.a_reg.out[15]$_DFFE_PP_,clk_core,-0.14,0.42,34;36;38;176;197;240;242;249;344;476;477;706;707;709;715,"[34, 36, 38, 176, 197, 240, 242, 249, 344, 476, 477, 706, 707, 709, 715]",0.026431356266777176,-0.1664313562667772,0.026431356266777176
8,dpath.b_reg.out[1]$_DFFE_PP_,clk_core,-0.14,0.42,63;64;67;168;169;197;240;242;249;257;260;261;323;326;705;706;707;722,"[63, 64, 67, 168, 169, 197, 240, 242, 249, 257, 260, 261, 323, 326, 705, 706, 707, 722]",0.02640989912858531,-0.16640989912858534,0.02640989912858531
11,dpath.a_reg.out[2]$_DFFE_PP_,clk_core,-0.14,0.42,34;36;38;176;197;240;242;249;344;428;431;433;434;706;707;710,"[34, 36, 38, 176, 197, 240, 242, 249, 344, 428, 431, 433, 434, 706, 707, 710]",0.026280269597446504,-0.16628026959744652,0.026280269597446504
20,dpath.b_reg.out[4]$_DFFE_PP_,clk_core,-0.14,0.42,34;36;38;176;197;240;242;249;257;260;261;312;313;705;706;707;722,"[34, 36, 38, 176, 197, 240, 242, 249, 257, 260, 261, 312, 313, 705, 706, 707, 722]",0.02626842850285106,-0.16626842850285106,0.02626842850285106
26,dpath.b_reg.out[13]$_DFFE_PP_,clk_core,-0.14,0.42,34;36;38;176;197;240;242;249;257;260;261;274;275;706;707;714;722,"[34, 36, 38, 176, 197, 240, 242, 249, 257, 260, 261, 274, 275, 706, 707, 714, 722]",0.026226449461936877,-0.16622644946193688,0.026226449461936877
25,dpath.a_reg.out[9]$_DFFE_PP_,clk_core,-0.14,0.42,34;36;38;176;197;240;242;249;344;376;382;384;385;706;707;708;714,"[34, 36, 38, 176, 197, 240, 242, 249, 344, 376, 382, 384, 385, 706, 707, 708, 714]",0.026218302221947955,-0.16621830222194797,0.026218302221947955
7,dpath.b_reg.out[15]$_DFFE_PP_,clk_core,-0.14,0.42,63;64;67;168;169;197;240;242;249;257;260;261;467;470;706;707;714;722,"[63, 64, 67, 168, 169, 197, 240, 242, 249, 257, 260, 261, 467, 470, 706, 707, 714, 722]",0.02620544137731887,-0.16620544137731888,0.02620544137731887
15,dpath.b_reg.out[3]$_DFFE_PP_,clk_core,-0.14,0.42,34;36;38;176;197;240;242;249;257;260;316;318;705;706;707;722,"[34, 36, 38, 176, 197, 240, 242, 249, 257, 260, 316, 318, 705, 706, 707, 722]",0.025999942940461474,-0.1659999429404615,0.025999942940461474
9,dpath.a_reg.out[7]$_DFFE_PP_,clk_core,-0.14,0.42,34;36;38;176;197;240;242;249;344;393;396;398;399;706;707;710,"[34, 36, 38, 176, 197, 240, 242, 249, 344, 393, 396, 398, 399, 706, 707, 710]",0.025941117193598914,-0.16594111719359894,0.025941117193598914
12,dpath.a_reg.out[3]$_DFFE_PP_,clk_core,-0.14,0.42,34;36;38;176;197;240;242;249;344;421;424;426;427;706;707;710,"[34, 36, 38, 176, 197, 240, 242, 249, 344, 421, 424, 426, 427, 706, 707, 710]",0.02588464426648237,-0.1658846442664824,0.02588464426648237
21,dpath.a_reg.out[10]$_DFFE_PP_,clk_core,-0.14,0.42,34;36;38;176;197;240;242;249;344;374;375;706;707;709;715,"[34, 36, 38, 176, 197, 240, 242, 249, 344, 374, 375, 706, 707, 709, 715]",0.025871295736324483,-0.1658712957363245,0.025871295736324483
17,dpath.b_reg.out[2]$_DFFE_PP_,clk_core,-0.14,0.41,63;64;67;168;169;197;240;242;249;257;260;261;319;322;706;707;722,"[63, 64, 67, 168, 169, 197, 240, 242, 249, 257, 260, 261, 319, 322, 706, 707, 722]",0.02579397619676294,-0.16579397619676295,0.02579397619676294
18,dpath.b_reg.out[9]$_DFFE_PP_,clk_core,-0.14,0.41,63;64;67;168;169;197;240;242;249;257;260;261;289;292;706;707;714;722,"[63, 64, 67, 168, 169, 197, 240, 242, 249, 257, 260, 261, 289, 292, 706, 707, 714, 722]",0.0257352660534191,-0.16573526605341912,0.0257352660534191
14,dpath.a_reg.out[5]$_DFFE_PP_,clk_core,-0.14,0.42,34;36;38;176;197;240;242;249;344;407;410;412;413;706;707;710,"[34, 36, 38, 176, 197, 240, 242, 249, 344, 407, 410, 412, 413, 706, 707, 710]",0.02571772415646994,-0.16571772415646996,0.02571772415646994
24,dpath.a_reg.out[0]$_DFFE_PP_,clk_core,-0.14,0.42,34;36;38;176;197;240;242;249;344;442;445;447;448;705;706;707;708,"[34, 36, 38, 176, 197, 240, 242, 249, 344, 442, 445, 447, 448, 705, 706, 707, 708]",0.025648254310371113,-0.1656482543103711,0.025648254310371113
22,dpath.a_reg.out[8]$_DFFE_PP_,clk_core,-0.14,0.42,34;36;38;176;197;240;242;249;344;391;392;706;707;709;715,"[34, 36, 38, 176, 197, 240, 242, 249, 344, 391, 392, 706, 707, 709, 715]",0.025629028386583583,-0.1656290283865836,0.025629028386583583
13,dpath.a_reg.out[4]$_DFFE_PP_,clk_core,-0.14,0.42,34;36;38;176;197;240;242;249;344;414;417;419;420;706;707;710,"[34, 36, 38, 176, 197, 240, 242, 249, 344, 414, 417, 419, 420, 706, 707, 710]",0.025611255037814633,-0.16561125503781465,0.025611255037814633
10,dpath.a_reg.out[1]$_DFFE_PP_,clk_core,-0.14,0.42,34;36;38;176;197;240;242;249;344;435;438;440;441;706;707;710,"[34, 36, 38, 176, 197, 240, 242, 249, 344, 435, 438, 440, 441, 706, 707, 710]",0.025050032006795616,-0.16505003200679563,0.025050032006795616
28,dpath.a_reg.out[12]$_DFFE_PP_,clk_core,-0.13,0.41,63;64;67;168;169;197;240;242;249;356;358;359;361;598;706;707;715,"[63, 64, 67, 168, 169, 197, 240, 242, 249, 356, 358, 359, 361, 598, 706, 707, 715]",0.026428649020033192,-0.1564286490200332,0.026428649020033192
30,ctrl.state.out[2]$_DFF_P_,clk_core,-0.13,0.41,34;36;38;176;197;240;242;249;455;461;464;466;599;705;706;707,"[34, 36, 38, 176, 197, 240, 242, 249, 455, 461, 464, 466, 599, 705, 706, 707]",0.025639276914998062,-0.15563927691499807,0.025639276914998062
29,dpath.a_reg.out[13]$_DFFE_PP_,clk_core,-0.13,0.41,34;36;38;176;197;240;242;249;344;353;354;706;707;709;715,"[34, 36, 38, 176, 197, 240, 242, 249, 344, 353, 354, 706, 707, 709, 715]",0.025391959807065673,-0.1553919598070657,0.025391959807065673
27,dpath.a_reg.out[11]$_DFFE_PP_,clk_core,-0.13,0.41,63;64;67;168;169;197;240;242;249;363;365;366;368;598;706;707;715,"[63, 64, 67, 168, 169, 197, 240, 242, 249, 363, 365, 366, 368, 598, 706, 707, 715]",0.025373463571637354,-0.15537346357163737,0.025373463571637354
32,dpath.b_reg.out[8]$_DFFE_PP_,clk_core,-0.13,0.41,34;36;38;176;197;240;242;249;257;260;295;297;706;707;714;723,"[34, 36, 38, 176, 197, 240, 242, 249, 257, 260, 295, 297, 706, 707, 714, 723]",0.025326962638877234,-0.15532696263887724,0.025326962638877234
31,dpath.a_reg.out[14]$_DFFE_PP_,clk_core,-0.13,0.41,34;36;38;176;197;240;242;249;344;346;347;706;707;709;714,"[34, 36, 38, 176, 197, 240, 242, 249, 344, 346, 347, 706, 707, 709, 714]",0.02521106555011438,-0.15521106555011438,0.02521106555011438
35,resp_msg[14],clk_core,-0.13,0.4,97;98;159;160;164;165;166;181;183;585;616;638;706;715,"[97, 98, 159, 160, 164, 165, 166, 181, 183, 585, 616, 638, 706, 715]",0.02462880374325182,-0.15462880374325183,0.02462880374325182
33,ctrl.state.out[1]$_DFF_P_,clk_core,-0.12,0.4,34;36;38;176;197;240;242;249;455;461;463;599;705;706;707,"[34, 36, 38, 176, 197, 240, 242, 249, 455, 461, 463, 599, 705, 706, 707]",0.025071411917900462,-0.14507141191790046,0.025071411917900462
39,resp_msg[15],clk_core,-0.12,0.39,37;60;62;68;69;70;77;119;137;143;145;586;706;707,"[37, 60, 62, 68, 69, 70, 77, 119, 137, 143, 145, 586, 706, 707]",0.024465355530502244,-0.14446535553050224,0.024465355530502244
40,resp_msg[11],clk_core,-0.12,0.39,103;104;105;117;216;218;220;222;223;224;582;613;706;714,"[103, 104, 105, 117, 216, 218, 220, 222, 223, 224, 582, 613, 706, 714]",0.024062953461247448,-0.14406295346124745,0.024062953461247448
36,resp_msg[12],clk_core,-0.12,0.39,34;36;38;176;197;199;201;207;211;212;583;706;707;719,"[34, 36, 38, 176, 197, 199, 201, 207, 211, 212, 583, 706, 707, 719]",0.02378282028023021,-0.1437828202802302,0.02378282028023021
38,resp_msg[13],clk_core,-0.12,0.39,37;60;62;68;185;186;187;194;196;584;706;707,"[37, 60, 62, 68, 185, 186, 187, 194, 196, 584, 706, 707]",0.023622461422750374,-0.14362246142275037,0.023622461422750374
37,resp_msg[8],clk_core,-0.12,0.39,63;64;67;168;169;197;240;242;243;594;706;707;726,"[63, 64, 67, 168, 169, 197, 240, 242, 243, 594, 706, 707, 726]",0.023432706838928428,-0.14343270683892842,0.023432706838928428
41,resp_msg[10],clk_core,-0.12,0.39,37;173;174;175;177;179;225;226;581;706;707,"[37, 173, 174, 175, 177, 179, 225, 226, 581, 706, 707]",0.02277066261471864,-0.14277066261471863,0.02277066261471864
42,resp_msg[9],clk_core,-0.11,0.38,37;60;62;68;185;232;236;238;239;595;610;706;707,"[37, 60, 62, 68, 185, 232, 236, 238, 239, 595, 610, 706, 707]",0.023950877514861208,-0.1339508775148612,0.023950877514861208
43,resp_msg[7],clk_core,-0.11,0.38,37;60;62;68;69;70;77;244;593;706;707,"[37, 60, 62, 68, 69, 70, 77, 244, 593, 706, 707]",0.023274355155922737,-0.13327435515592273,0.023274355155922737
45,resp_msg[5],clk_core,-0.1,0.37,12;15;16;19;20;33;39;591;604;706;707,"[12, 15, 16, 19, 20, 33, 39, 591, 604, 706, 707]",0.02263264602292802,-0.12263264602292803,0.02263264602292802
44,resp_msg[6],clk_core,-0.1,0.37,37;173;174;175;177;179;245;592;706;707,"[37, 173, 174, 175, 177, 179, 245, 592, 706, 707]",0.021220486141969065,-0.12122048614196906,0.021220486141969065
46,resp_msg[4],clk_core,-0.09,0.36,41;42;43;47;48;590;605;684;706;707;732,"[41, 42, 43, 47, 48, 590, 605, 684, 706, 707, 732]",0.022233570803627555,-0.11223357080362756,0.022233570803627555
47,resp_msg[3],clk_core,-0.07,0.34,41;42;51;52;53;589;612;684;706;707,"[41, 42, 51, 52, 53, 589, 612, 684, 706, 707]",0.0208709025197812,-0.09087090251978121,0.0208709025197812
48,resp_msg[2],clk_core,-0.05,0.32,41;42;54;588;642;684;706;707,"[41, 42, 54, 588, 642, 684, 706, 707]",0.019330796562772423,-0.06933079656277243,0.019330796562772423
49,resp_msg[1],clk_core,-0.04,0.31,30;31;55;587;641;643;663;705;706,"[30, 31, 55, 587, 641, 643, 663, 705, 706]",0.019105770546628216,-0.05910577054662822,0.019105770546628216
50,resp_val,clk_core,0.0,0.27,332;449;596;705;706;728,"[332, 449, 596, 705, 706, 728]",0.01687067703640388,-0.01687067703640388,0.01687067703640388
34,ctrl.state.out[0]$_DFF_P_,clk_core,0.01,0.27,332;449;450;453;705;706;728,"[332, 449, 450, 453, 705, 706, 728]",0.01762838340491888,-0.00762838340491888,0.01762838340491888
51,resp_msg[0],clk_core,0.02,0.25,56;580;695;705;706,"[56, 580, 695, 705, 706]",0.0160018367689628,0.003998163231037199,0.0160018367689628
52,req_rdy,clk_core,0.03,0.24,579;705;706;727;728,"[579, 705, 706, 727, 728]",0.014341453672057893,0.015658546327942106,0.014341453672057893
