NUM_CH_idx,DATA_W_idx,ECC_LANES_idx,CLK_GATE_EN,PDN_STRAP_PITCH_UM,NUM_CH,DATA_W,ECC_LANES
1,2,2,0,10.958784632384777,4,128,4
1,0,0,1,22.173045370727777,4,32,1
2,1,1,0,17.369699850678444,8,64,2
0,1,1,1,5.761742722243071,2,64,2
0,1,0,1,9.27325900644064,2,64,1
2,1,2,0,17.59018087759614,8,64,4
1,2,1,1,22.861990854144096,4,128,2
1,0,1,0,14.001226108521223,4,32,2
1,1,1,0,20.77419875189662,4,64,2
1,1,1,1,12.382193431258202,4,64,2
2,2,0,0,7.185156885534525,8,128,1
0,0,2,1,15.97085740417242,2,32,4
0,2,1,1,18.99407310411334,2,128,2
2,0,1,0,7.854875400662422,8,32,2
1,1,2,1,12.582838330417871,4,64,4
1,1,0,0,24.265877716243267,4,64,1
1,1,1,1,5.4151600785553455,4,64,2
1,1,1,0,16.46651480346918,4,64,2
2,2,2,1,21.816657837480307,8,128,4
0,0,0,0,10.065249502658844,2,32,1
0,2,1,0,14.972922969609499,2,128,2
2,0,1,1,23.140366561710835,8,32,2
1,1,0,0,18.571759071201086,4,64,1
1,1,2,1,9.541908353567123,4,64,4
1,2,0,1,15.077285319566727,4,128,1
1,0,2,0,6.828656103461981,4,32,4
2,1,1,1,11.47874016314745,8,64,2
0,1,1,0,20.427424181252718,2,64,2
0,1,2,0,24.534335136413574,2,64,4
2,1,0,1,13.564148303121328,8,64,1
1,2,1,0,8.133137859404087,4,128,2
1,0,1,1,19.965733010321856,4,32,2
1,1,0,1,14.0742058865726,4,64,1
1,1,2,0,22.78908707201481,4,64,4
2,2,1,1,17.985512111335993,8,128,2
0,0,1,0,8.8781563565135,2,32,2
0,2,2,0,6.157675068825483,2,128,4
2,0,0,1,16.973996683955193,8,32,1
1,1,1,0,22.24664533510804,4,64,2
1,1,1,1,10.88526125997305,4,64,2
1,2,1,1,23.870546482503414,4,128,2
1,0,1,0,12.97794098034501,4,32,2
2,1,2,1,7.781895622611046,8,64,4
0,1,0,0,19.066976886242628,2,64,1
0,1,1,0,15.897257439792156,2,64,2
2,1,1,1,7.258680257946253,8,64,2
1,2,0,0,11.986261084675789,4,128,1
1,0,2,1,21.16990191861987,4,32,4
1,2,1,0,9.781342446804047,4,128,2
1,0,1,1,18.332095798105,4,32,2
2,1,0,0,23.682620860636234,8,64,1
0,1,2,1,14.430592078715563,2,64,4
0,1,1,1,10.606884211301804,2,64,2
2,1,1,0,21.27494713291526,8,64,2
1,2,2,1,16.705348379909992,4,128,4
1,0,0,0,5.176097918301821,4,32,1
1,1,2,0,19.423478711396456,4,64,4
1,1,0,1,8.675468750298023,4,64,1
2,2,1,0,13.324714209884405,8,128,2
0,0,1,1,24.77399840950966,2,32,2
0,2,0,1,20.188590604811907,2,128,1
2,0,2,0,11.717802323400974,8,32,4
1,1,1,1,6.287021394819021,4,64,2
1,1,1,0,15.618996024131775,4,64,2
1,1,1,1,22.544821836054325,4,64,2
1,1,1,0,14.299243707209826,4,64,2
2,2,0,1,8.9460489153862,8,128,1
0,0,2,0,17.897784169763327,2,32,4
0,2,1,0,17.062374241650105,2,128,2
2,0,1,1,6.089134979993105,8,32,2
1,1,2,0,10.660794228315353,4,64,4
1,1,0,1,22.49033709987998,4,64,1
1,2,2,1,12.910010125488043,4,128,4
1,0,0,0,23.958312422037125,4,32,1
2,1,1,1,19.311280120164156,8,64,2
0,1,1,0,7.5568195059895515,2,64,2
0,1,0,0,7.48310899361968,2,64,1
2,1,2,1,15.653603672981262,8,64,4
1,2,1,0,21.081562358886003,4,128,2
1,0,1,1,12.054762877523899,4,32,2
1,2,0,0,18.24432859197259,4,128,1
1,0,2,1,9.849272184073925,4,32,4
2,1,1,0,14.655669461935759,8,64,2
0,1,1,1,23.438318744301796,2,64,2
0,1,2,1,21.518602017313242,2,64,4
2,1,0,0,10.382456742227077,8,64,1
1,2,1,1,5.107595007866621,4,128,2
1,0,1,0,16.79368667304516,4,32,2
1,1,1,0,8.450429663062096,4,64,2
1,1,1,1,19.66774282976985,4,64,2
2,2,2,0,24.861727617681026,8,128,4
0,0,0,1,13.256822768598795,2,32,1
0,2,1,1,11.786343529820442,2,128,2
2,0,1,0,20.100214313715696,8,32,2
1,1,0,1,15.375303141772747,4,64,1
1,1,2,0,6.5114871598780155,4,64,4
1,2,1,0,21.948616560548544,4,128,2
1,0,1,1,11.202438175678253,4,32,2
2,1,2,0,5.85008205845952,8,64,4
0,1,0,1,17.301197983324528,2,64,1
0,1,1,1,17.658111657947302,2,64,2
2,1,1,0,9.185492843389511,8,64,2
1,2,0,1,13.756922651082277,4,128,1
1,0,2,0,23.087066896259785,4,32,4
1,1,0,0,12.293815799057484,4,64,1
1,1,2,1,20.84273861721158,4,64,4
2,2,1,0,16.1953242123127,8,128,2
0,0,1,1,6.941465046256781,2,32,2
0,2,2,1,8.0991405621171,2,128,4
2,0,0,0,18.769035059958696,8,32,1
1,1,1,1,24.19798493385315,4,64,2
1,1,1,0,12.670566197484732,4,64,2
1,1,2,1,16.39797367155552,4,64,4
1,1,0,0,5.503536593168974,4,64,1
2,2,1,1,10.30894260853529,8,128,2
0,0,1,0,21.59219214692712,2,32,2
0,2,0,0,23.365405723452568,2,128,1
2,0,2,1,14.728659074753523,8,32,4
1,1,1,0,9.454179368913174,4,64,2
1,1,1,1,18.639650586992502,4,64,2
1,2,1,1,6.585001293569803,4,128,2
1,0,1,0,15.30171301215887,4,32,2
2,1,0,1,20.495927315205336,8,64,1
0,1,2,0,11.39040194451809,2,64,4
0,1,1,0,13.651915583759546,2,64,2
2,1,1,1,24.466405622661114,8,64,2
1,2,2,0,19.740655850619078,4,128,4
1,0,0,1,8.377440050244331,4,32,1
1,1,1,0,17.86135433241725,4,64,2
1,1,1,1,9.000560864806175,4,64,2
2,2,2,0,14.272655788809061,8,128,4
0,0,0,1,22.589644454419613,2,32,1
0,2,1,1,22.37036509439349,2,128,2
2,0,1,0,10.762379243969917,8,32,2
1,1,0,1,5.959321055561304,4,64,1
1,1,2,0,17.173648588359356,4,64,4
1,2,0,0,7.582187466323376,4,128,1
1,0,2,1,19.265236351639032,4,32,4
2,1,1,0,23.99352230131626,8,64,2
0,1,1,1,12.854277025908232,2,64,2
0,1,2,1,12.18579825013876,2,64,4
2,1,0,0,20.971508268266916,8,64,1
1,2,1,1,15.77479712665081,4,128,2
1,0,1,0,7.382744234055281,4,32,2
1,2,2,1,23.571108132600784,4,128,4
1,0,0,0,14.541267063468695,4,32,1
2,1,1,1,9.972372241318226,8,64,2
0,1,1,0,18.139768112450838,2,64,2
0,1,0,0,16.817299127578735,2,64,1
2,1,2,1,5.065900441259146,8,64,4
1,2,1,0,10.415758527815342,4,128,2
1,0,1,1,21.467065531760454,4,32,2
1,1,1,1,13.132501263171434,4,64,2
1,1,1,0,24.965067841112614,4,64,2
2,2,0,1,19.5337319932878,8,128,1
0,0,2,0,8.563611805438995,2,32,4
0,2,1,0,6.479405332356691,2,128,2
2,0,1,1,15.42806077748537,8,32,2
1,1,2,0,20.07782181724906,4,64,4
1,1,0,1,11.829259246587753,4,64,1
1,2,1,1,17.24729623645544,4,128,2
1,0,1,0,5.885902587324381,4,32,2
2,1,0,1,11.158225759863853,8,64,1
0,1,2,0,21.974595170468092,2,64,4
0,1,1,0,22.98487078398466,2,64,2
2,1,1,1,13.877505455166101,8,64,2
1,2,2,0,9.0736074000597,4,128,4
1,0,0,1,17.78853638097644,4,32,1
1,1,2,1,6.9868977181613445,4,64,4
1,1,0,0,16.17056705057621,4,64,1
2,2,1,1,20.89786062017083,8,128,2
0,0,1,0,12.259216718375683,2,32,2
0,2,0,0,12.781230490654707,2,128,1
2,0,2,1,24.066340252757072,8,32,4
1,1,1,0,18.870010022073984,4,64,2
1,1,1,1,7.977337799966335,4,64,2
1,1,0,0,21.705984938889742,4,64,1
1,1,2,1,10.176763124763966,4,64,4
2,2,1,0,5.607487466186285,8,128,2
0,0,1,1,16.275483518838882,2,32,2
0,2,2,1,18.68195565417409,2,128,4
2,0,0,0,9.429955519735813,8,32,1
1,1,1,1,14.780806060880423,4,64,2
1,1,1,0,23.33149254322052,4,64,2
1,2,1,0,11.287672221660614,4,128,2
1,0,1,1,20.619637425988913,4,32,2
2,1,2,0,15.189141370356083,8,64,4
0,1,0,1,6.718400735408068,2,64,1
0,1,1,1,8.324072808027267,2,64,2
2,1,1,0,19.773347582668066,8,64,2
1,2,0,1,24.422880299389362,4,128,1
1,0,2,0,13.674917984753847,4,32,4
1,2,0,1,5.661454703658819,4,128,1
1,0,2,0,17.490968853235245,4,32,4
2,1,1,1,22.062915433198214,8,64,2
0,1,1,0,11.089742965996265,2,64,2
0,1,2,0,13.945417162030935,2,64,4
2,1,0,1,22.89712369441986,8,64,1
1,2,1,0,17.544213850051165,4,128,2
1,0,1,1,9.298702515661716,4,32,2
1,1,1,1,16.08220849186182,4,64,2
1,1,1,0,7.055418509989977,4,64,2
2,2,2,1,12.483702600002289,8,128,4
0,0,0,0,20.65414970740676,2,32,1
0,2,1,0,24.310624487698078,2,128,2
2,0,1,1,12.556173373013735,8,32,2
1,1,0,0,7.909464091062546,4,64,1
1,1,2,1,18.957718815654516,4,64,4
1,1,1,0,10.108241066336632,4,64,2
1,1,1,1,21.794342380017042,4,64,2
2,2,0,0,16.519195698201656,8,128,1
0,0,2,1,5.383002702146769,2,32,4
0,2,1,1,9.655013754963875,2,128,2
2,0,1,0,18.437672685831785,8,32,2
1,1,2,1,23.2437826320529,4,64,4
1,1,0,0,14.84867850318551,4,64,1
1,2,2,0,20.375963542610407,4,128,4
1,0,0,1,11.512118987739086,4,32,1
2,1,1,0,6.786884795874357,8,64,2
0,1,1,1,15.10082222521305,2,64,2
0,1,0,1,19.861095789819956,2,64,1
2,1,2,0,8.256162367761135,8,64,4
1,2,1,1,13.449821751564741,4,128,2
1,0,1,0,24.667201563715935,4,32,2
1,1,2,0,8.756276555359364,4,64,4
1,1,0,1,18.086411226540804,4,64,1
2,2,1,0,22.657517939805984,8,128,2
0,0,1,1,14.184946920722723,2,32,2
0,2,0,1,10.850737728178501,2,128,1
2,0,2,0,22.30184407904744,8,32,4
1,1,1,1,16.949162483215332,4,64,2
1,1,1,0,6.2030318938195705,4,64,2
1,2,1,0,19.197324570268393,4,128,2
1,0,1,1,7.669934332370758,4,32,2
2,1,0,0,13.098599333316088,8,64,1
0,1,2,1,23.76842711120844,2,64,4
0,1,1,1,21.195956077426672,2,64,2
2,1,1,0,11.942125409841537,8,64,2
1,2,2,1,7.294423747807741,4,128,4
1,0,0,0,15.843279846012592,4,32,1
1,2,1,1,14.45351893082261,4,128,2
1,0,1,0,23.639018796384335,4,32,2
2,1,2,1,18.364864569157362,8,64,4
0,1,0,0,9.72805105149746,2,64,1
0,1,1,0,5.309574399143457,2,64,2
2,1,1,1,16.59285258501768,8,64,2
1,2,0,0,21.398581694811583,4,128,1
1,0,2,1,10.50407774746418,4,32,4
1,1,0,1,24.740009680390358,4,64,1
1,1,2,0,13.376784455031157,4,64,4
2,2,1,1,8.651321940124035,8,128,2
0,0,1,0,19.46585962548852,2,32,2
0,2,2,0,15.49658291041851,2,128,4
2,0,0,1,6.391048114746809,8,32,1
1,1,1,0,11.585547290742397,4,64,2
1,1,1,1,20.302306655794382,4,64,2
1,1,0,0,17.111233714967966,4,64,1
1,1,2,1,5.982374511659145,4,64,4
2,2,1,0,10.710031669586897,8,128,2
0,0,1,1,22.38395445048809,2,32,2
0,2,2,1,22.65173504129052,2,128,4
2,0,0,0,14.249316267669201,8,32,1
1,1,1,1,9.053194653242826,4,64,2
1,1,1,0,17.84808911383152,4,64,2
1,2,1,0,7.39602692425251,4,128,2
1,0,1,1,15.72214288637042,4,32,2
2,1,2,0,20.99486779421568,8,64,4
0,1,0,1,12.123689446598291,2,64,1
0,1,1,1,12.840708121657372,2,64,2
2,1,1,0,24.045852404087782,8,64,2
1,2,0,1,19.24220111221075,4,128,1
1,0,2,0,7.644582334905863,4,32,4
1,2,1,1,21.412292011082172,4,128,2
1,0,1,0,10.431766677647829,4,32,2
2,1,0,1,5.0010620057582855,8,64,1
0,1,2,0,16.842773761600256,2,64,4
0,1,1,0,18.1948659196496,2,64,2
2,1,1,1,9.956650156527758,8,64,2
1,2,2,0,14.605819284915924,4,128,4
1,0,0,1,23.545309361070395,4,32,1
1,1,2,1,11.855037566274405,4,64,4
1,1,0,0,20.01328706741333,4,64,1
2,2,1,1,15.44376464560628,8,128,2
0,0,1,0,6.424327529966831,2,32,2
0,2,0,0,8.538119699805975,2,128,1
2,0,2,1,19.5985908806324,8,32,4
1,1,1,0,24.949039686471224,4,64,2
1,1,1,1,13.187293000519276,4,64,2
1,2,2,1,17.765486761927605,4,128,4
1,0,0,0,9.136026185005903,4,32,1
2,1,1,1,13.863912783563137,8,64,2
0,1,1,0,23.037215117365122,2,64,2
0,1,0,0,21.99793078005314,2,64,1
2,1,2,1,11.096131335943937,8,64,4
1,2,1,0,5.89917104691267,4,128,2
1,0,1,1,17.194665763527155,4,32,2
1,1,1,1,8.029985819011927,4,64,2
1,1,1,0,18.85672103613615,4,64,2
2,2,0,1,24.128454755991697,8,128,1
0,0,2,0,12.757876589894295,2,32,4
0,2,1,0,12.206892911344767,2,128,2
2,0,1,1,20.91143574565649,8,32,2
1,1,2,0,16.108166556805372,4,64,4
1,1,0,1,7.00992725789547,4,64,1
1,1,1,0,23.315478768199682,4,64,2
1,1,1,1,14.835573881864548,4,64,2
2,2,2,0,9.404487181454897,8,128,4
0,0,0,1,18.746800310909748,2,32,1
0,2,1,1,16.291211303323507,2,128,2
2,0,1,0,5.552395284175873,8,32,2
1,1,0,1,10.202555675059557,4,64,1
1,1,2,0,21.641426421701908,4,64,4
1,2,0,0,13.739455975592136,4,128,1
1,0,2,1,24.397105295211077,4,32,4
2,1,1,0,19.828421473503113,8,64,2
0,1,1,1,8.308365102857351,2,64,2
0,1,2,1,6.653538532555103,2,64,4
2,1,0,0,15.214630234986544,8,64,1
1,2,1,1,20.56484952569008,4,128,2
1,0,1,0,11.303704287856817,4,32,2
1,2,1,1,9.360798168927431,4,128,2
1,0,1,0,17.52087939530611,4,32,2
2,1,2,1,22.949753012508154,8,64,4
0,1,0,0,13.932147473096848,2,64,1
0,1,1,0,11.02732302621007,2,64,2
2,1,1,1,22.08596382290125,8,64,2
1,2,0,0,17.438625749200583,4,128,1
1,0,2,1,5.675048530101776,4,32,4
1,1,0,1,18.94414484500885,4,64,1
1,1,2,0,7.9617891274392605,4,64,4
2,2,1,1,12.533142603933811,8,128,2
0,0,1,0,24.373023826628923,2,32,2
0,2,2,0,20.667437463998795,2,128,4
2,0,0,1,12.431053426116705,8,32,1
1,1,1,0,7.078773565590382,4,64,2
1,1,1,1,16.020095217972994,4,64,2
1,1,2,0,14.903771840035915,4,64,4
1,1,0,1,23.228056076914072,4,64,1
2,2,1,0,18.50222997367382,8,128,2
0,0,1,1,9.629220049828291,2,32,2
0,2,0,1,5.328233651816845,2,128,1
2,0,2,0,16.5352083183825,8,32,4
1,1,1,1,21.729498878121376,4,64,2
1,1,1,0,10.133710633963346,4,64,2
1,2,1,0,24.641713928431273,4,128,2
1,0,1,1,13.514685109257698,4,32,2
2,1,0,0,8.24012914672494,8,64,1
0,1,2,1,19.91588246077299,2,64,4
0,1,1,1,15.126596074551344,2,64,2
2,1,1,0,6.7223455756902695,8,64,2
1,2,2,1,11.5278279222548,4,128,4
1,0,0,0,20.320890806615353,4,32,1
1,1,1,0,6.226372569799423,4,64,2
1,1,1,1,16.887073125690222,4,64,2
2,2,0,0,22.315108068287373,8,128,1
0,0,2,1,10.798102784901857,2,32,4
0,2,1,1,14.161892235279083,2,128,2
2,0,1,0,22.719931658357382,8,32,2
1,1,2,1,18.072823025286198,4,64,4
1,1,0,0,8.808625359088182,4,64,1
1,2,2,0,15.79095097258687,4,128,4
1,0,0,1,7.307993806898594,4,32,1
2,1,1,0,11.879729386419058,8,64,2
0,1,1,1,21.218990087509155,2,64,2
0,1,0,1,23.821080196648836,2,64,1
2,1,2,0,13.08531541377306,8,64,4
1,2,1,1,7.732044365257025,4,128,2
1,0,1,0,19.173966199159622,4,32,2
1,2,0,1,10.519801061600447,4,128,1
1,0,2,0,21.343485042452812,4,32,4
2,1,1,1,16.61865020170808,8,64,2
0,1,1,0,5.2450209483504295,2,64,2
0,1,2,0,9.71204174682498,2,64,4
2,1,0,1,18.419636860489845,8,64,1
1,2,1,0,23.613545391708612,4,128,2
1,0,1,1,14.518358521163464,4,32,2
1,1,1,1,20.237448923289776,4,64,2
1,1,1,0,11.611040625721216,4,64,2
2,2,2,1,6.336255148053169,8,128,4
0,0,0,0,15.512609910219908,2,32,1
0,2,1,0,19.53039314597845,2,128,2
2,0,1,1,8.625542465597391,8,32,2
1,1,0,0,13.43186341226101,4,64,1
1,1,2,1,24.724307041615248,4,64,4
1,2,1,0,14.053874090313911,4,128,2
1,0,1,1,22.848701905459166,4,32,2
2,1,0,0,17.652295343577862,8,64,1
0,1,2,1,9.24990514293313,2,64,4
0,1,1,1,5.709418877959251,2,64,2
2,1,1,0,17.383275013417006,8,64,2
1,2,2,1,22.110644839704037,4,128,4
1,0,0,0,10.981814209371805,4,32,1
1,1,2,0,24.242828134447336,4,64,4
1,1,0,1,12.645257078111172,4,64,1
2,2,1,0,7.841282766312361,8,128,2
0,0,1,1,19.046417400240898,2,32,2
0,2,0,1,15.99419305101037,2,128,1
2,0,2,0,7.123062424361706,8,32,4
1,1,1,1,12.395461928099394,4,64,2
1,1,1,0,20.72156824171543,4,64,2
1,1,0,1,9.606446381658316,4,64,1
1,1,2,0,18.545984029769897,4,64,4
2,2,1,1,23.195440489798784,8,128,2
0,0,1,0,14.95721522718668,2,32,2
0,2,2,0,10.000387337058783,2,128,4
2,0,0,1,21.842146664857864,8,32,1
1,1,1,0,16.41172694042325,4,64,2
1,1,1,1,5.431192107498646,4,64,2
1,2,1,1,19.949719198048115,4,128,2
1,0,1,0,8.187905717641115,4,32,2
2,1,2,1,13.53867992758751,8,64,4
0,1,0,0,24.599179830402136,2,64,1
0,1,1,0,20.44315192848444,2,64,2
2,1,1,1,11.42364801838994,8,64,2
1,2,0,0,6.854448616504669,4,128,1
1,0,2,1,15.012726839631796,4,32,4
1,1,1,1,10.898543987423182,4,64,2
1,1,1,0,22.19399105757475,4,64,2
2,2,2,1,16.99735624715686,8,128,4
0,0,0,0,6.095566228032112,2,32,1
0,2,1,0,8.864587489515543,2,128,2
2,0,1,1,18.03784217685461,8,32,2
1,1,0,0,22.76605186983943,4,64,1
1,1,2,1,14.136600717902184,4,64,4
1,2,0,1,21.10748700797558,4,128,1
1,0,2,0,12.009314578026533,4,32,4
2,1,1,1,7.206332646310329,8,64,2
0,1,1,0,15.910846833139658,2,64,2
0,1,2,0,19.129067435860634,2,64,4
2,1,0,1,7.758556138724089,8,64,1
1,2,1,0,13.030574731528759,4,128,2
1,0,1,1,23.857281301170588,4,32,2
1,2,2,0,5.201876200735569,4,128,4
1,0,0,1,16.640813667327166,4,32,1
2,1,1,0,21.290650963783264,8,64,2
0,1,1,1,10.551806446164846,2,64,2
0,1,0,1,14.40509993582964,2,64,1
2,1,2,0,23.747479785233736,8,64,4
1,2,1,1,18.31606760621071,4,128,2
1,0,1,0,9.83613422140479,4,32,2
1,1,1,0,15.564222540706396,4,64,2
1,1,1,1,6.303029507398605,4,64,2
2,2,0,0,11.652963925153017,8,128,1
0,0,2,1,20.214065201580524,2,32,4
0,2,1,1,24.829096253961325,2,128,2
2,0,1,0,13.308992087841034,8,32,2
1,1,2,1,8.740021008998156,4,64,4
1,1,0,0,19.397679902613163,4,64,1
1,1,2,1,22.438008189201355,4,64,4
1,1,0,0,10.67436432465911,4,64,1
2,2,1,1,6.026738919317722,8,128,2
0,0,1,0,17.08540828898549,2,32,2
0,2,0,0,17.95043721795082,2,128,1
2,0,2,1,8.932765033096075,8,32,4
1,1,1,0,14.36135370284319,4,64,2
1,1,1,1,22.521463502198458,4,64,2
1,2,1,1,12.078103590756655,4,128,2
1,0,1,0,21.01947296410799,4,32,2
2,1,0,1,15.666867699474096,8,64,1
0,1,2,0,7.430474013090134,2,64,4
0,1,1,0,7.533764857798815,2,64,2
2,1,1,1,19.37369380146265,8,64,2
1,2,2,0,23.94472425803542,4,128,4
1,0,0,1,12.962358891963959,4,32,1
1,2,1,0,16.728828977793455,4,128,2
1,0,1,1,5.133088305592537,4,32,2
2,1,2,0,10.32766381278634,8,64,4
0,1,0,1,21.534628979861736,2,64,1
0,1,1,1,23.50285230204463,2,64,2
2,1,1,0,14.629889950156212,8,64,2
1,2,0,1,9.90435117855668,4,128,1
1,0,2,0,18.228625915944576,4,32,4
1,1,0,0,6.527210436761379,4,64,1
1,1,2,1,15.32020652666688,4,64,4
2,2,1,0,20.12601189315319,8,128,2
0,0,1,1,11.721790116280317,2,32,2
0,2,2,1,13.240813426673412,2,128,4
2,0,0,0,24.916499946266413,8,32,1
1,1,1,1,19.642269387841225,4,64,2
1,1,1,0,8.515269290655851,4,64,2
1,2,0,0,23.07349296286702,4,128,1
1,0,2,1,13.809247650206089,4,32,4
2,1,1,0,9.16246211156249,8,64,2
0,1,1,1,17.720510959625244,2,64,2
0,1,2,1,17.314485777169466,2,64,4
2,1,0,0,5.7974328473210335,8,64,1
1,2,1,1,11.225793268531561,4,128,2
1,0,1,0,21.886503249406815,4,32,2
1,1,1,0,12.732661813497543,4,64,2
1,1,1,1,24.174650516360998,4,64,2
2,2,2,0,18.821664340794086,8,128,4
0,0,0,1,8.085870910435915,2,32,1
0,2,1,1,6.879045069217682,2,128,2
2,0,1,0,16.218372639268637,8,32,2
1,1,0,1,20.790395475924015,4,64,1
1,1,2,0,12.307409662753344,4,64,4
1,1,1,1,18.614162914454937,4,64,2
1,1,1,0,9.519042763859034,4,64,2
2,2,0,1,14.712625816464424,8,128,1
0,0,2,0,23.420192431658506,2,32,4
0,2,1,0,21.61796595901251,2,128,2
2,0,1,1,10.244403425604105,8,32,2
1,1,2,0,5.519245490431786,4,64,4
1,1,0,1,16.342900972813368,4,64,1
1,2,2,1,8.432533424347639,4,128,4
1,0,0,0,19.72492925822735,4,32,1
2,1,1,1,24.530962947756052,8,64,2
0,1,1,0,13.62612184137106,2,64,2
0,1,0,0,11.335632931441069,2,64,1
2,1,2,1,20.511939898133278,8,64,4
1,2,1,0,15.236869547516108,4,128,2
1,0,1,1,6.610470823943615,4,32,2
