# tile_id = ty * 24 + tx. Volts. pred_v = worst (VDD drop + VSS bounce) of any single cell in the tile. Measured by PDNSim, static, 1.1 V; one solve, no scenario scaling.
design,scenario,partition,tile_id,pred_v,vdd_drop_v,vss_bounce_v,n_cells
orfs_ssd_ctrl_cfg_run_01_p12,signoff_static,measured,0,0.0,0.0,0.0,31
orfs_ssd_ctrl_cfg_run_01_p12,signoff_static,measured,1,1e-06,1e-06,0.0,30
orfs_ssd_ctrl_cfg_run_01_p12,signoff_static,measured,2,9e-06,6e-06,3e-06,31
orfs_ssd_ctrl_cfg_run_01_p12,signoff_static,measured,3,4e-05,2e-05,2.2e-05,47
orfs_ssd_ctrl_cfg_run_01_p12,signoff_static,measured,4,7e-05,3.9e-05,3.3e-05,65
orfs_ssd_ctrl_cfg_run_01_p12,signoff_static,measured,5,0.000107,4.6e-05,6.9e-05,91
orfs_ssd_ctrl_cfg_run_01_p12,signoff_static,measured,6,9.2e-05,6e-05,4.3e-05,124
orfs_ssd_ctrl_cfg_run_01_p12,signoff_static,measured,7,7.6e-05,4.3e-05,3.9e-05,122
orfs_ssd_ctrl_cfg_run_01_p12,signoff_static,measured,8,7.4e-05,4.1e-05,3.7e-05,95
orfs_ssd_ctrl_cfg_run_01_p12,signoff_static,measured,9,0.000129,7.9e-05,5e-05,89
orfs_ssd_ctrl_cfg_run_01_p12,signoff_static,measured,10,0.000143,8.1e-05,7.8e-05,93
orfs_ssd_ctrl_cfg_run_01_p12,signoff_static,measured,11,0.000146,6.3e-05,8.3e-05,110
orfs_ssd_ctrl_cfg_run_01_p12,signoff_static,measured,12,0.000128,6.4e-05,6.5e-05,113
orfs_ssd_ctrl_cfg_run_01_p12,signoff_static,measured,13,0.000132,6.7e-05,6.5e-05,117
orfs_ssd_ctrl_cfg_run_01_p12,signoff_static,measured,14,0.000128,6.2e-05,6.6e-05,82
orfs_ssd_ctrl_cfg_run_01_p12,signoff_static,measured,15,6.7e-05,3.9e-05,2.8e-05,32
orfs_ssd_ctrl_cfg_run_01_p12,signoff_static,measured,16,0.000138,6.2e-05,7.7e-05,91
orfs_ssd_ctrl_cfg_run_01_p12,signoff_static,measured,17,0.000143,6.8e-05,7.7e-05,101
orfs_ssd_ctrl_cfg_run_01_p12,signoff_static,measured,18,0.000124,6.1e-05,7.3e-05,94
orfs_ssd_ctrl_cfg_run_01_p12,signoff_static,measured,19,9.3e-05,5e-05,4.3e-05,70
orfs_ssd_ctrl_cfg_run_01_p12,signoff_static,measured,20,4.1e-05,2.4e-05,1.9e-05,30
orfs_ssd_ctrl_cfg_run_01_p12,signoff_static,measured,21,6e-06,4e-06,2e-06,30
orfs_ssd_ctrl_cfg_run_01_p12,signoff_static,measured,22,1e-06,1e-06,0.0,30
orfs_ssd_ctrl_cfg_run_01_p12,signoff_static,measured,23,0.0,0.0,0.0,62
orfs_ssd_ctrl_cfg_run_01_p12,signoff_static,measured,24,2e-06,1e-06,1e-06,42
orfs_ssd_ctrl_cfg_run_01_p12,signoff_static,measured,25,1.2e-05,5e-06,7e-06,42
orfs_ssd_ctrl_cfg_run_01_p12,signoff_static,measured,26,6.3e-05,2.8e-05,3.5e-05,76
orfs_ssd_ctrl_cfg_run_01_p12,signoff_static,measured,27,7.5e-05,3.8e-05,4e-05,93
orfs_ssd_ctrl_cfg_run_01_p12,signoff_static,measured,28,8e-05,4.4e-05,3.7e-05,151
orfs_ssd_ctrl_cfg_run_01_p12,signoff_static,measured,29,0.000154,7.3e-05,8.1e-05,162
orfs_ssd_ctrl_cfg_run_01_p12,signoff_static,measured,30,0.000128,5.9e-05,6.9e-05,168
orfs_ssd_ctrl_cfg_run_01_p12,signoff_static,measured,31,0.000125,5.9e-05,6.8e-05,169
orfs_ssd_ctrl_cfg_run_01_p12,signoff_static,measured,32,0.000131,6.9e-05,6.7e-05,154
orfs_ssd_ctrl_cfg_run_01_p12,signoff_static,measured,33,0.000134,7.2e-05,6.7e-05,157
orfs_ssd_ctrl_cfg_run_01_p12,signoff_static,measured,34,0.000154,7.7e-05,8.3e-05,164
orfs_ssd_ctrl_cfg_run_01_p12,signoff_static,measured,35,0.000163,7.4e-05,9.1e-05,166
orfs_ssd_ctrl_cfg_run_01_p12,signoff_static,measured,36,0.000197,8e-05,0.000117,167
orfs_ssd_ctrl_cfg_run_01_p12,signoff_static,measured,37,0.000179,8.3e-05,9.6e-05,164
orfs_ssd_ctrl_cfg_run_01_p12,signoff_static,measured,38,0.000174,7.6e-05,0.000117,140
orfs_ssd_ctrl_cfg_run_01_p12,signoff_static,measured,39,0.000166,7.9e-05,0.000117,141
orfs_ssd_ctrl_cfg_run_01_p12,signoff_static,measured,40,0.000175,8.6e-05,9.9e-05,162
orfs_ssd_ctrl_cfg_run_01_p12,signoff_static,measured,41,0.000193,9.8e-05,0.000112,146
orfs_ssd_ctrl_cfg_run_01_p12,signoff_static,measured,42,0.000156,7.1e-05,9.2e-05,153
orfs_ssd_ctrl_cfg_run_01_p12,signoff_static,measured,43,0.00022,9.3e-05,0.000141,180
orfs_ssd_ctrl_cfg_run_01_p12,signoff_static,measured,44,0.000153,8.8e-05,9.4e-05,84
orfs_ssd_ctrl_cfg_run_01_p12,signoff_static,measured,45,2.9e-05,1.3e-05,1.6e-05,42
orfs_ssd_ctrl_cfg_run_01_p12,signoff_static,measured,46,3e-06,1e-06,2e-06,42
orfs_ssd_ctrl_cfg_run_01_p12,signoff_static,measured,47,0.0,0.0,0.0,79
orfs_ssd_ctrl_cfg_run_01_p12,signoff_static,measured,48,4e-06,2e-06,2e-06,36
orfs_ssd_ctrl_cfg_run_01_p12,signoff_static,measured,49,4.1e-05,1.8e-05,2.3e-05,55
orfs_ssd_ctrl_cfg_run_01_p12,signoff_static,measured,50,8e-05,3.9e-05,4.5e-05,128
orfs_ssd_ctrl_cfg_run_01_p12,signoff_static,measured,51,0.000111,5.7e-05,5.4e-05,124
orfs_ssd_ctrl_cfg_run_01_p12,signoff_static,measured,52,0.000134,7.8e-05,5.6e-05,123
orfs_ssd_ctrl_cfg_run_01_p12,signoff_static,measured,53,0.000148,8e-05,6.9e-05,132
orfs_ssd_ctrl_cfg_run_01_p12,signoff_static,measured,54,0.000153,7.3e-05,8.1e-05,132
orfs_ssd_ctrl_cfg_run_01_p12,signoff_static,measured,55,9.7e-05,4.6e-05,5.2e-05,128
orfs_ssd_ctrl_cfg_run_01_p12,signoff_static,measured,56,0.00015,8.2e-05,6.8e-05,135
orfs_ssd_ctrl_cfg_run_01_p12,signoff_static,measured,57,0.000145,7.2e-05,7.3e-05,134
orfs_ssd_ctrl_cfg_run_01_p12,signoff_static,measured,58,0.000155,8.8e-05,6.7e-05,142
orfs_ssd_ctrl_cfg_run_01_p12,signoff_static,measured,59,0.000152,8.7e-05,8.3e-05,127
orfs_ssd_ctrl_cfg_run_01_p12,signoff_static,measured,60,0.00011,5.6e-05,6.8e-05,164
orfs_ssd_ctrl_cfg_run_01_p12,signoff_static,measured,61,0.000126,6.6e-05,6e-05,152
orfs_ssd_ctrl_cfg_run_01_p12,signoff_static,measured,62,0.000191,7.4e-05,0.000117,136
orfs_ssd_ctrl_cfg_run_01_p12,signoff_static,measured,63,0.000233,0.000116,0.000118,121
orfs_ssd_ctrl_cfg_run_01_p12,signoff_static,measured,64,0.000159,8.1e-05,8.7e-05,130
orfs_ssd_ctrl_cfg_run_01_p12,signoff_static,measured,65,0.000156,7.1e-05,8.5e-05,135
orfs_ssd_ctrl_cfg_run_01_p12,signoff_static,measured,66,0.000153,6.8e-05,8.6e-05,143
orfs_ssd_ctrl_cfg_run_01_p12,signoff_static,measured,67,0.000195,7.3e-05,0.000141,156
orfs_ssd_ctrl_cfg_run_01_p12,signoff_static,measured,68,0.000172,7.9e-05,9.5e-05,109
orfs_ssd_ctrl_cfg_run_01_p12,signoff_static,measured,69,3.6e-05,2.2e-05,1.8e-05,36
orfs_ssd_ctrl_cfg_run_01_p12,signoff_static,measured,70,5e-06,2e-06,3e-06,37
orfs_ssd_ctrl_cfg_run_01_p12,signoff_static,measured,71,0.0,0.0,0.0,60
orfs_ssd_ctrl_cfg_run_01_p12,signoff_static,measured,72,9e-06,5e-06,5e-06,42
orfs_ssd_ctrl_cfg_run_01_p12,signoff_static,measured,73,6.1e-05,2.8e-05,3.4e-05,84
orfs_ssd_ctrl_cfg_run_01_p12,signoff_static,measured,74,6.5e-05,3.7e-05,3.3e-05,154
orfs_ssd_ctrl_cfg_run_01_p12,signoff_static,measured,75,0.000105,6.4e-05,4.8e-05,150
orfs_ssd_ctrl_cfg_run_01_p12,signoff_static,measured,76,0.000133,7e-05,6.3e-05,142
orfs_ssd_ctrl_cfg_run_01_p12,signoff_static,measured,77,0.000118,5.4e-05,6.8e-05,146
orfs_ssd_ctrl_cfg_run_01_p12,signoff_static,measured,78,0.000197,0.000104,9.3e-05,174
orfs_ssd_ctrl_cfg_run_01_p12,signoff_static,measured,79,0.000169,8.9e-05,8.3e-05,154
orfs_ssd_ctrl_cfg_run_01_p12,signoff_static,measured,80,0.000211,0.000115,9.6e-05,164
orfs_ssd_ctrl_cfg_run_01_p12,signoff_static,measured,81,0.000167,8.8e-05,8.2e-05,147
orfs_ssd_ctrl_cfg_run_01_p12,signoff_static,measured,82,0.000192,8.9e-05,0.000103,168
orfs_ssd_ctrl_cfg_run_01_p12,signoff_static,measured,83,0.000176,0.000105,9.2e-05,163
orfs_ssd_ctrl_cfg_run_01_p12,signoff_static,measured,84,0.00014,8.6e-05,6.4e-05,170
orfs_ssd_ctrl_cfg_run_01_p12,signoff_static,measured,85,0.000149,8.9e-05,6.2e-05,168
orfs_ssd_ctrl_cfg_run_01_p12,signoff_static,measured,86,0.00015,8.9e-05,7.4e-05,155
orfs_ssd_ctrl_cfg_run_01_p12,signoff_static,measured,87,0.00014,7.7e-05,6.6e-05,161
orfs_ssd_ctrl_cfg_run_01_p12,signoff_static,measured,88,0.000145,7.7e-05,6.9e-05,171
orfs_ssd_ctrl_cfg_run_01_p12,signoff_static,measured,89,0.000143,7.4e-05,7.1e-05,166
orfs_ssd_ctrl_cfg_run_01_p12,signoff_static,measured,90,0.000142,7.2e-05,7.2e-05,149
orfs_ssd_ctrl_cfg_run_01_p12,signoff_static,measured,91,0.000136,7.5e-05,6.4e-05,178
orfs_ssd_ctrl_cfg_run_01_p12,signoff_static,measured,92,0.000115,6.5e-05,5.5e-05,129
orfs_ssd_ctrl_cfg_run_01_p12,signoff_static,measured,93,4.9e-05,3.1e-05,1.8e-05,43
orfs_ssd_ctrl_cfg_run_01_p12,signoff_static,measured,94,5e-06,2e-06,3e-06,42
orfs_ssd_ctrl_cfg_run_01_p12,signoff_static,measured,95,0.0,0.0,0.0,70
orfs_ssd_ctrl_cfg_run_01_p12,signoff_static,measured,96,6.3e-05,2.8e-05,3.7e-05,82
orfs_ssd_ctrl_cfg_run_01_p12,signoff_static,measured,97,0.000102,5.2e-05,5.2e-05,148
orfs_ssd_ctrl_cfg_run_01_p12,signoff_static,measured,98,0.0001,5e-05,5.3e-05,142
orfs_ssd_ctrl_cfg_run_01_p12,signoff_static,measured,99,0.000114,4.9e-05,7e-05,162
orfs_ssd_ctrl_cfg_run_01_p12,signoff_static,measured,100,0.000211,0.000105,0.000106,170
orfs_ssd_ctrl_cfg_run_01_p12,signoff_static,measured,101,0.00018,9.3e-05,0.000101,156
orfs_ssd_ctrl_cfg_run_01_p12,signoff_static,measured,102,0.000181,8.4e-05,9.9e-05,166
orfs_ssd_ctrl_cfg_run_01_p12,signoff_static,measured,103,0.000143,7e-05,7.8e-05,165
orfs_ssd_ctrl_cfg_run_01_p12,signoff_static,measured,104,0.000178,0.000102,7.6e-05,144
orfs_ssd_ctrl_cfg_run_01_p12,signoff_static,measured,105,0.000133,7.5e-05,6.4e-05,151
orfs_ssd_ctrl_cfg_run_01_p12,signoff_static,measured,106,0.00014,7.9e-05,6.6e-05,179
orfs_ssd_ctrl_cfg_run_01_p12,signoff_static,measured,107,0.00014,7.2e-05,7.4e-05,163
orfs_ssd_ctrl_cfg_run_01_p12,signoff_static,measured,108,0.000147,7.4e-05,7.4e-05,166
orfs_ssd_ctrl_cfg_run_01_p12,signoff_static,measured,109,0.000193,9.2e-05,0.000105,166
orfs_ssd_ctrl_cfg_run_01_p12,signoff_static,measured,110,0.000198,8.9e-05,0.000121,166
orfs_ssd_ctrl_cfg_run_01_p12,signoff_static,measured,111,0.00018,7.8e-05,0.000106,160
orfs_ssd_ctrl_cfg_run_01_p12,signoff_static,measured,112,0.000165,8.7e-05,9.5e-05,143
orfs_ssd_ctrl_cfg_run_01_p12,signoff_static,measured,113,0.0002,8.7e-05,0.000113,159
orfs_ssd_ctrl_cfg_run_01_p12,signoff_static,measured,114,0.000148,7.7e-05,8.9e-05,157
orfs_ssd_ctrl_cfg_run_01_p12,signoff_static,measured,115,0.000202,9.6e-05,0.000106,185
orfs_ssd_ctrl_cfg_run_01_p12,signoff_static,measured,116,0.000146,6.4e-05,8.3e-05,116
orfs_ssd_ctrl_cfg_run_01_p12,signoff_static,measured,117,6.6e-05,3.2e-05,3.4e-05,42
orfs_ssd_ctrl_cfg_run_01_p12,signoff_static,measured,118,7e-06,3e-06,5e-06,42
orfs_ssd_ctrl_cfg_run_01_p12,signoff_static,measured,119,0.0,0.0,0.0,71
orfs_ssd_ctrl_cfg_run_01_p12,signoff_static,measured,120,0.000143,7.8e-05,6.5e-05,85
orfs_ssd_ctrl_cfg_run_01_p12,signoff_static,measured,121,0.000125,7.6e-05,4.9e-05,132
orfs_ssd_ctrl_cfg_run_01_p12,signoff_static,measured,122,0.000106,5.4e-05,5.6e-05,139
orfs_ssd_ctrl_cfg_run_01_p12,signoff_static,measured,123,0.000225,0.000142,9.6e-05,134
orfs_ssd_ctrl_cfg_run_01_p12,signoff_static,measured,124,0.000176,9e-05,8.6e-05,143
orfs_ssd_ctrl_cfg_run_01_p12,signoff_static,measured,125,0.000104,5.2e-05,5.9e-05,125
orfs_ssd_ctrl_cfg_run_01_p12,signoff_static,measured,126,0.000198,8.9e-05,0.000109,144
orfs_ssd_ctrl_cfg_run_01_p12,signoff_static,measured,127,0.000284,0.000144,0.00014,129
orfs_ssd_ctrl_cfg_run_01_p12,signoff_static,measured,128,0.000254,0.000119,0.000135,146
orfs_ssd_ctrl_cfg_run_01_p12,signoff_static,measured,129,0.000304,0.00016,0.000167,126
orfs_ssd_ctrl_cfg_run_01_p12,signoff_static,measured,130,0.000315,0.000166,0.000149,130
orfs_ssd_ctrl_cfg_run_01_p12,signoff_static,measured,131,0.000181,9.6e-05,0.0001,155
orfs_ssd_ctrl_cfg_run_01_p12,signoff_static,measured,132,0.000254,0.000116,0.000138,148
orfs_ssd_ctrl_cfg_run_01_p12,signoff_static,measured,133,0.000147,8.1e-05,7.4e-05,155
orfs_ssd_ctrl_cfg_run_01_p12,signoff_static,measured,134,0.000151,8.2e-05,7.9e-05,130
orfs_ssd_ctrl_cfg_run_01_p12,signoff_static,measured,135,0.000163,8.5e-05,8.2e-05,144
orfs_ssd_ctrl_cfg_run_01_p12,signoff_static,measured,136,0.000156,8.5e-05,7.2e-05,142
orfs_ssd_ctrl_cfg_run_01_p12,signoff_static,measured,137,0.000151,8.1e-05,7.5e-05,140
orfs_ssd_ctrl_cfg_run_01_p12,signoff_static,measured,138,0.000151,8e-05,7.6e-05,128
orfs_ssd_ctrl_cfg_run_01_p12,signoff_static,measured,139,0.000148,8e-05,7.7e-05,142
orfs_ssd_ctrl_cfg_run_01_p12,signoff_static,measured,140,0.000123,6.3e-05,6e-05,106
orfs_ssd_ctrl_cfg_run_01_p12,signoff_static,measured,141,4.3e-05,2.8e-05,1.9e-05,36
orfs_ssd_ctrl_cfg_run_01_p12,signoff_static,measured,142,5e-06,3e-06,3e-06,37
orfs_ssd_ctrl_cfg_run_01_p12,signoff_static,measured,143,0.0,0.0,0.0,64
orfs_ssd_ctrl_cfg_run_01_p12,signoff_static,measured,144,8.9e-05,4.5e-05,4.4e-05,127
orfs_ssd_ctrl_cfg_run_01_p12,signoff_static,measured,145,9.8e-05,4.9e-05,4.9e-05,162
orfs_ssd_ctrl_cfg_run_01_p12,signoff_static,measured,146,0.000156,8.7e-05,7.8e-05,172
orfs_ssd_ctrl_cfg_run_01_p12,signoff_static,measured,147,0.000162,9.1e-05,9.3e-05,152
orfs_ssd_ctrl_cfg_run_01_p12,signoff_static,measured,148,0.000172,8.5e-05,9.5e-05,148
orfs_ssd_ctrl_cfg_run_01_p12,signoff_static,measured,149,0.000229,0.000108,0.000121,167
orfs_ssd_ctrl_cfg_run_01_p12,signoff_static,measured,150,0.000135,8e-05,7.6e-05,179
orfs_ssd_ctrl_cfg_run_01_p12,signoff_static,measured,151,0.000286,0.000135,0.000154,186
orfs_ssd_ctrl_cfg_run_01_p12,signoff_static,measured,152,0.000423,0.000192,0.000249,226
orfs_ssd_ctrl_cfg_run_01_p12,signoff_static,measured,153,0.000496,0.000276,0.000258,242
orfs_ssd_ctrl_cfg_run_01_p12,signoff_static,measured,154,0.000364,0.000195,0.00017,164
orfs_ssd_ctrl_cfg_run_01_p12,signoff_static,measured,155,0.0002,9.9e-05,0.000112,170
orfs_ssd_ctrl_cfg_run_01_p12,signoff_static,measured,156,0.000151,7.6e-05,7.9e-05,178
orfs_ssd_ctrl_cfg_run_01_p12,signoff_static,measured,157,0.000197,0.000106,0.000105,173
orfs_ssd_ctrl_cfg_run_01_p12,signoff_static,measured,158,0.0002,0.000106,9.4e-05,162
orfs_ssd_ctrl_cfg_run_01_p12,signoff_static,measured,159,0.000165,8.2e-05,8.4e-05,172
orfs_ssd_ctrl_cfg_run_01_p12,signoff_static,measured,160,0.000184,8.8e-05,0.000101,162
orfs_ssd_ctrl_cfg_run_01_p12,signoff_static,measured,161,0.000153,7.5e-05,9e-05,176
orfs_ssd_ctrl_cfg_run_01_p12,signoff_static,measured,162,0.000213,0.000108,0.000105,162
orfs_ssd_ctrl_cfg_run_01_p12,signoff_static,measured,163,0.000191,0.000104,8.7e-05,174
orfs_ssd_ctrl_cfg_run_01_p12,signoff_static,measured,164,0.00013,6.2e-05,6.8e-05,118
orfs_ssd_ctrl_cfg_run_01_p12,signoff_static,measured,165,4.3e-05,2.5e-05,1.8e-05,42
orfs_ssd_ctrl_cfg_run_01_p12,signoff_static,measured,166,5e-06,2e-06,3e-06,42
orfs_ssd_ctrl_cfg_run_01_p12,signoff_static,measured,167,0.0,0.0,0.0,71
orfs_ssd_ctrl_cfg_run_01_p12,signoff_static,measured,168,9.7e-05,5.9e-05,4.5e-05,126
orfs_ssd_ctrl_cfg_run_01_p12,signoff_static,measured,169,9e-05,5.2e-05,4.9e-05,120
orfs_ssd_ctrl_cfg_run_01_p12,signoff_static,measured,170,0.000105,4.9e-05,7.8e-05,129
orfs_ssd_ctrl_cfg_run_01_p12,signoff_static,measured,171,9.9e-05,4.4e-05,5.7e-05,126
orfs_ssd_ctrl_cfg_run_01_p12,signoff_static,measured,172,0.000105,5.3e-05,5.3e-05,140
orfs_ssd_ctrl_cfg_run_01_p12,signoff_static,measured,173,0.000158,6.2e-05,9.6e-05,139
orfs_ssd_ctrl_cfg_run_01_p12,signoff_static,measured,174,0.000149,7.6e-05,9e-05,150
orfs_ssd_ctrl_cfg_run_01_p12,signoff_static,measured,175,0.000189,0.000106,9.9e-05,144
orfs_ssd_ctrl_cfg_run_01_p12,signoff_static,measured,176,0.00041,0.000188,0.000253,170
orfs_ssd_ctrl_cfg_run_01_p12,signoff_static,measured,177,0.000317,0.000182,0.000155,133
orfs_ssd_ctrl_cfg_run_01_p12,signoff_static,measured,178,0.00031,0.000172,0.000141,134
orfs_ssd_ctrl_cfg_run_01_p12,signoff_static,measured,179,0.000163,7.8e-05,8.9e-05,135
orfs_ssd_ctrl_cfg_run_01_p12,signoff_static,measured,180,0.000104,5.4e-05,5.7e-05,223
orfs_ssd_ctrl_cfg_run_01_p12,signoff_static,measured,181,0.00014,7.2e-05,6.8e-05,152
orfs_ssd_ctrl_cfg_run_01_p12,signoff_static,measured,182,0.000137,7e-05,7.2e-05,120
orfs_ssd_ctrl_cfg_run_01_p12,signoff_static,measured,183,0.000151,7.4e-05,7.7e-05,139
orfs_ssd_ctrl_cfg_run_01_p12,signoff_static,measured,184,0.000126,6.6e-05,7.3e-05,124
orfs_ssd_ctrl_cfg_run_01_p12,signoff_static,measured,185,9e-05,4.9e-05,4.8e-05,183
orfs_ssd_ctrl_cfg_run_01_p12,signoff_static,measured,186,0.000143,8.4e-05,6.9e-05,165
orfs_ssd_ctrl_cfg_run_01_p12,signoff_static,measured,187,0.000185,0.000108,7.7e-05,159
orfs_ssd_ctrl_cfg_run_01_p12,signoff_static,measured,188,8.4e-05,4.1e-05,4.3e-05,59
orfs_ssd_ctrl_cfg_run_01_p12,signoff_static,measured,189,1.9e-05,1.1e-05,8e-06,36
orfs_ssd_ctrl_cfg_run_01_p12,signoff_static,measured,190,2e-06,1e-06,1e-06,37
orfs_ssd_ctrl_cfg_run_01_p12,signoff_static,measured,191,0.0,0.0,0.0,62
orfs_ssd_ctrl_cfg_run_01_p12,signoff_static,measured,192,5e-05,3.1e-05,2.4e-05,75
orfs_ssd_ctrl_cfg_run_01_p12,signoff_static,measured,193,7.5e-05,3.8e-05,4.3e-05,130
orfs_ssd_ctrl_cfg_run_01_p12,signoff_static,measured,194,9.1e-05,4.6e-05,4.8e-05,145
orfs_ssd_ctrl_cfg_run_01_p12,signoff_static,measured,195,0.000107,5.5e-05,5.4e-05,155
orfs_ssd_ctrl_cfg_run_01_p12,signoff_static,measured,196,0.000154,9.3e-05,6.4e-05,171
orfs_ssd_ctrl_cfg_run_01_p12,signoff_static,measured,197,0.000212,0.000124,8.9e-05,148
orfs_ssd_ctrl_cfg_run_01_p12,signoff_static,measured,198,0.000119,6.9e-05,5.7e-05,183
orfs_ssd_ctrl_cfg_run_01_p12,signoff_static,measured,199,0.000155,7.7e-05,7.8e-05,160
orfs_ssd_ctrl_cfg_run_01_p12,signoff_static,measured,200,0.000254,0.000137,0.000122,151
orfs_ssd_ctrl_cfg_run_01_p12,signoff_static,measured,201,0.000274,0.000142,0.000146,141
orfs_ssd_ctrl_cfg_run_01_p12,signoff_static,measured,202,0.000274,0.000135,0.000141,166
orfs_ssd_ctrl_cfg_run_01_p12,signoff_static,measured,203,0.0002,9.2e-05,0.000109,173
orfs_ssd_ctrl_cfg_run_01_p12,signoff_static,measured,204,0.00016,7.7e-05,8.3e-05,185
orfs_ssd_ctrl_cfg_run_01_p12,signoff_static,measured,205,0.000146,8.4e-05,7.8e-05,181
orfs_ssd_ctrl_cfg_run_01_p12,signoff_static,measured,206,0.000148,8.6e-05,8.5e-05,154
orfs_ssd_ctrl_cfg_run_01_p12,signoff_static,measured,207,0.000179,9.9e-05,8.6e-05,157
orfs_ssd_ctrl_cfg_run_01_p12,signoff_static,measured,208,0.000189,0.000102,8.7e-05,167
orfs_ssd_ctrl_cfg_run_01_p12,signoff_static,measured,209,0.000137,7.1e-05,7.4e-05,157
orfs_ssd_ctrl_cfg_run_01_p12,signoff_static,measured,210,0.000144,6.9e-05,7.5e-05,176
orfs_ssd_ctrl_cfg_run_01_p12,signoff_static,measured,211,0.00015,7.9e-05,7.5e-05,157
orfs_ssd_ctrl_cfg_run_01_p12,signoff_static,measured,212,8.7e-05,4.1e-05,4.6e-05,70
orfs_ssd_ctrl_cfg_run_01_p12,signoff_static,measured,213,2.2e-05,1.2e-05,1e-05,43
orfs_ssd_ctrl_cfg_run_01_p12,signoff_static,measured,214,7e-06,3e-06,4e-06,42
orfs_ssd_ctrl_cfg_run_01_p12,signoff_static,measured,215,2e-06,1e-06,1e-06,78
orfs_ssd_ctrl_cfg_run_01_p12,signoff_static,measured,216,8e-06,3e-06,5e-06,42
orfs_ssd_ctrl_cfg_run_01_p12,signoff_static,measured,217,6.4e-05,2.1e-05,4.3e-05,55
orfs_ssd_ctrl_cfg_run_01_p12,signoff_static,measured,218,9e-05,4.7e-05,4.8e-05,98
orfs_ssd_ctrl_cfg_run_01_p12,signoff_static,measured,219,0.000107,5e-05,6.4e-05,115
orfs_ssd_ctrl_cfg_run_01_p12,signoff_static,measured,220,0.000113,6.1e-05,6.4e-05,157
orfs_ssd_ctrl_cfg_run_01_p12,signoff_static,measured,221,0.000142,6.8e-05,7.5e-05,156
orfs_ssd_ctrl_cfg_run_01_p12,signoff_static,measured,222,0.000211,0.000117,9.4e-05,172
orfs_ssd_ctrl_cfg_run_01_p12,signoff_static,measured,223,0.00021,0.000114,9.6e-05,151
orfs_ssd_ctrl_cfg_run_01_p12,signoff_static,measured,224,0.000124,7e-05,6.6e-05,155
orfs_ssd_ctrl_cfg_run_01_p12,signoff_static,measured,225,0.000146,6.5e-05,8.1e-05,150
orfs_ssd_ctrl_cfg_run_01_p12,signoff_static,measured,226,0.00015,8.8e-05,7e-05,144
orfs_ssd_ctrl_cfg_run_01_p12,signoff_static,measured,227,0.000135,7.3e-05,7e-05,182
orfs_ssd_ctrl_cfg_run_01_p12,signoff_static,measured,228,0.000152,7.8e-05,7.7e-05,165
orfs_ssd_ctrl_cfg_run_01_p12,signoff_static,measured,229,0.000206,0.000123,8.3e-05,192
orfs_ssd_ctrl_cfg_run_01_p12,signoff_static,measured,230,0.000172,8.6e-05,9.8e-05,165
orfs_ssd_ctrl_cfg_run_01_p12,signoff_static,measured,231,0.000165,8.9e-05,7.9e-05,143
orfs_ssd_ctrl_cfg_run_01_p12,signoff_static,measured,232,0.00015,7.7e-05,8e-05,170
orfs_ssd_ctrl_cfg_run_01_p12,signoff_static,measured,233,0.000175,9.6e-05,8e-05,176
orfs_ssd_ctrl_cfg_run_01_p12,signoff_static,measured,234,0.000169,8.6e-05,8.3e-05,197
orfs_ssd_ctrl_cfg_run_01_p12,signoff_static,measured,235,0.000133,7.4e-05,7.5e-05,173
orfs_ssd_ctrl_cfg_run_01_p12,signoff_static,measured,236,8.7e-05,4.2e-05,4.5e-05,124
orfs_ssd_ctrl_cfg_run_01_p12,signoff_static,measured,237,0.000124,6.5e-05,5.9e-05,49
orfs_ssd_ctrl_cfg_run_01_p12,signoff_static,measured,238,8.1e-05,3.3e-05,5.1e-05,43
orfs_ssd_ctrl_cfg_run_01_p12,signoff_static,measured,239,2e-05,1.2e-05,9e-06,76
orfs_ssd_ctrl_cfg_run_01_p12,signoff_static,measured,240,1.5e-05,8e-06,7e-06,36
orfs_ssd_ctrl_cfg_run_01_p12,signoff_static,measured,241,9.1e-05,4.6e-05,4.5e-05,74
orfs_ssd_ctrl_cfg_run_01_p12,signoff_static,measured,242,0.000103,5.4e-05,5e-05,145
orfs_ssd_ctrl_cfg_run_01_p12,signoff_static,measured,243,0.000142,7.6e-05,7.1e-05,140
orfs_ssd_ctrl_cfg_run_01_p12,signoff_static,measured,244,0.000431,0.000305,0.000135,141
orfs_ssd_ctrl_cfg_run_01_p12,signoff_static,measured,245,0.00035,0.000243,0.000111,160
orfs_ssd_ctrl_cfg_run_01_p12,signoff_static,measured,246,0.000282,0.000139,0.000144,145
orfs_ssd_ctrl_cfg_run_01_p12,signoff_static,measured,247,0.000254,0.000124,0.000138,139
orfs_ssd_ctrl_cfg_run_01_p12,signoff_static,measured,248,0.000168,8.6e-05,8.3e-05,154
orfs_ssd_ctrl_cfg_run_01_p12,signoff_static,measured,249,0.000151,7.8e-05,8.1e-05,104
orfs_ssd_ctrl_cfg_run_01_p12,signoff_static,measured,250,0.000136,6.9e-05,8.1e-05,135
orfs_ssd_ctrl_cfg_run_01_p12,signoff_static,measured,251,0.000152,8.2e-05,7.9e-05,149
orfs_ssd_ctrl_cfg_run_01_p12,signoff_static,measured,252,0.000141,8e-05,7.5e-05,156
orfs_ssd_ctrl_cfg_run_01_p12,signoff_static,measured,253,0.000132,7.5e-05,7.4e-05,150
orfs_ssd_ctrl_cfg_run_01_p12,signoff_static,measured,254,0.000123,7e-05,7e-05,103
orfs_ssd_ctrl_cfg_run_01_p12,signoff_static,measured,255,0.000119,5e-05,7e-05,49
orfs_ssd_ctrl_cfg_run_01_p12,signoff_static,measured,256,0.000114,5.8e-05,5.6e-05,102
orfs_ssd_ctrl_cfg_run_01_p12,signoff_static,measured,257,0.000115,6.2e-05,5.4e-05,111
orfs_ssd_ctrl_cfg_run_01_p12,signoff_static,measured,258,8.9e-05,4.7e-05,5.2e-05,68
orfs_ssd_ctrl_cfg_run_01_p12,signoff_static,measured,259,0.000199,7.3e-05,0.000126,64
orfs_ssd_ctrl_cfg_run_01_p12,signoff_static,measured,260,0.000406,0.000206,0.0002,61
orfs_ssd_ctrl_cfg_run_01_p12,signoff_static,measured,261,0.000404,0.000213,0.000191,125
orfs_ssd_ctrl_cfg_run_01_p12,signoff_static,measured,262,0.000268,0.000142,0.000126,85
orfs_ssd_ctrl_cfg_run_01_p12,signoff_static,measured,263,0.000185,9.4e-05,9.1e-05,75
orfs_ssd_ctrl_cfg_run_01_p12,signoff_static,measured,264,7e-06,3e-06,4e-06,42
orfs_ssd_ctrl_cfg_run_01_p12,signoff_static,measured,265,6.7e-05,2.8e-05,3.9e-05,66
orfs_ssd_ctrl_cfg_run_01_p12,signoff_static,measured,266,0.000122,5.2e-05,7e-05,154
orfs_ssd_ctrl_cfg_run_01_p12,signoff_static,measured,267,9.1e-05,4.5e-05,5.4e-05,167
orfs_ssd_ctrl_cfg_run_01_p12,signoff_static,measured,268,0.000118,7e-05,6.8e-05,149
orfs_ssd_ctrl_cfg_run_01_p12,signoff_static,measured,269,0.00017,8.1e-05,9.2e-05,162
orfs_ssd_ctrl_cfg_run_01_p12,signoff_static,measured,270,0.000153,9e-05,8.1e-05,182
orfs_ssd_ctrl_cfg_run_01_p12,signoff_static,measured,271,0.000157,7.8e-05,8.1e-05,173
orfs_ssd_ctrl_cfg_run_01_p12,signoff_static,measured,272,0.000177,9.5e-05,8.3e-05,166
orfs_ssd_ctrl_cfg_run_01_p12,signoff_static,measured,273,0.000148,7.5e-05,7.9e-05,188
orfs_ssd_ctrl_cfg_run_01_p12,signoff_static,measured,274,0.000154,8e-05,8.2e-05,133
orfs_ssd_ctrl_cfg_run_01_p12,signoff_static,measured,275,0.000122,5e-05,7.9e-05,192
orfs_ssd_ctrl_cfg_run_01_p12,signoff_static,measured,276,7.4e-05,4.2e-05,4.1e-05,165
orfs_ssd_ctrl_cfg_run_01_p12,signoff_static,measured,277,0.000108,6.5e-05,4.3e-05,231
orfs_ssd_ctrl_cfg_run_01_p12,signoff_static,measured,278,0.000173,0.000106,6.7e-05,128
orfs_ssd_ctrl_cfg_run_01_p12,signoff_static,measured,279,0.00013,7.4e-05,5.6e-05,133
orfs_ssd_ctrl_cfg_run_01_p12,signoff_static,measured,280,5.8e-05,2.9e-05,3e-05,152
orfs_ssd_ctrl_cfg_run_01_p12,signoff_static,measured,281,0.000111,5.9e-05,5.2e-05,187
orfs_ssd_ctrl_cfg_run_01_p12,signoff_static,measured,282,0.000113,5.6e-05,6.5e-05,138
orfs_ssd_ctrl_cfg_run_01_p12,signoff_static,measured,283,0.000284,0.000131,0.000153,118
orfs_ssd_ctrl_cfg_run_01_p12,signoff_static,measured,284,0.000324,0.000181,0.000163,171
orfs_ssd_ctrl_cfg_run_01_p12,signoff_static,measured,285,0.000394,0.000196,0.000206,182
orfs_ssd_ctrl_cfg_run_01_p12,signoff_static,measured,286,0.000361,0.000166,0.000201,173
orfs_ssd_ctrl_cfg_run_01_p12,signoff_static,measured,287,0.000251,0.000142,0.000117,148
orfs_ssd_ctrl_cfg_run_01_p12,signoff_static,measured,288,6e-06,3e-06,3e-06,36
orfs_ssd_ctrl_cfg_run_01_p12,signoff_static,measured,289,6e-05,3e-05,3e-05,68
orfs_ssd_ctrl_cfg_run_01_p12,signoff_static,measured,290,7.8e-05,3.7e-05,4.2e-05,123
orfs_ssd_ctrl_cfg_run_01_p12,signoff_static,measured,291,0.000126,7e-05,5.6e-05,134
orfs_ssd_ctrl_cfg_run_01_p12,signoff_static,measured,292,0.000116,5.9e-05,6e-05,140
orfs_ssd_ctrl_cfg_run_01_p12,signoff_static,measured,293,0.000118,5.7e-05,6.9e-05,136
orfs_ssd_ctrl_cfg_run_01_p12,signoff_static,measured,294,0.000178,8.9e-05,9e-05,150
orfs_ssd_ctrl_cfg_run_01_p12,signoff_static,measured,295,0.000159,7.9e-05,8.9e-05,144
orfs_ssd_ctrl_cfg_run_01_p12,signoff_static,measured,296,0.000208,0.000111,9.7e-05,157
orfs_ssd_ctrl_cfg_run_01_p12,signoff_static,measured,297,0.000139,7.1e-05,7.4e-05,129
orfs_ssd_ctrl_cfg_run_01_p12,signoff_static,measured,298,0.000106,6.2e-05,5.3e-05,132
orfs_ssd_ctrl_cfg_run_01_p12,signoff_static,measured,299,6.2e-05,3.3e-05,3.3e-05,153
orfs_ssd_ctrl_cfg_run_01_p12,signoff_static,measured,300,8.3e-05,4.2e-05,4.1e-05,162
orfs_ssd_ctrl_cfg_run_01_p12,signoff_static,measured,301,0.000132,7.3e-05,5.9e-05,172
orfs_ssd_ctrl_cfg_run_01_p12,signoff_static,measured,302,9.2e-05,4.9e-05,4.3e-05,136
orfs_ssd_ctrl_cfg_run_01_p12,signoff_static,measured,303,5.6e-05,2.9e-05,2.7e-05,128
orfs_ssd_ctrl_cfg_run_01_p12,signoff_static,measured,304,7e-05,4e-05,3.1e-05,128
orfs_ssd_ctrl_cfg_run_01_p12,signoff_static,measured,305,0.000107,5.1e-05,5.7e-05,144
orfs_ssd_ctrl_cfg_run_01_p12,signoff_static,measured,306,0.00018,0.000102,8.2e-05,128
orfs_ssd_ctrl_cfg_run_01_p12,signoff_static,measured,307,0.000271,0.000133,0.000138,126
orfs_ssd_ctrl_cfg_run_01_p12,signoff_static,measured,308,0.000323,0.000164,0.000192,135
orfs_ssd_ctrl_cfg_run_01_p12,signoff_static,measured,309,0.000376,0.00018,0.000207,134
orfs_ssd_ctrl_cfg_run_01_p12,signoff_static,measured,310,0.000351,0.000178,0.000201,138
orfs_ssd_ctrl_cfg_run_01_p12,signoff_static,measured,311,0.000302,0.000178,0.000125,138
orfs_ssd_ctrl_cfg_run_01_p12,signoff_static,measured,312,6e-06,3e-06,3e-06,42
orfs_ssd_ctrl_cfg_run_01_p12,signoff_static,measured,313,6.7e-05,2.9e-05,3.8e-05,59
orfs_ssd_ctrl_cfg_run_01_p12,signoff_static,measured,314,0.000109,5.2e-05,5.7e-05,153
orfs_ssd_ctrl_cfg_run_01_p12,signoff_static,measured,315,9.6e-05,4.1e-05,5.5e-05,143
orfs_ssd_ctrl_cfg_run_01_p12,signoff_static,measured,316,0.000106,5.1e-05,6.3e-05,150
orfs_ssd_ctrl_cfg_run_01_p12,signoff_static,measured,317,0.000162,6.9e-05,9.3e-05,166
orfs_ssd_ctrl_cfg_run_01_p12,signoff_static,measured,318,0.000168,7.8e-05,9.7e-05,167
orfs_ssd_ctrl_cfg_run_01_p12,signoff_static,measured,319,0.000204,8.3e-05,0.000122,173
orfs_ssd_ctrl_cfg_run_01_p12,signoff_static,measured,320,0.000155,9.2e-05,7.4e-05,168
orfs_ssd_ctrl_cfg_run_01_p12,signoff_static,measured,321,0.000175,8.9e-05,8.6e-05,164
orfs_ssd_ctrl_cfg_run_01_p12,signoff_static,measured,322,0.000136,7.3e-05,6.7e-05,168
orfs_ssd_ctrl_cfg_run_01_p12,signoff_static,measured,323,7.5e-05,4.2e-05,3.9e-05,178
orfs_ssd_ctrl_cfg_run_01_p12,signoff_static,measured,324,5.2e-05,2.6e-05,3.4e-05,186
orfs_ssd_ctrl_cfg_run_01_p12,signoff_static,measured,325,7.7e-05,2.6e-05,5.9e-05,199
orfs_ssd_ctrl_cfg_run_01_p12,signoff_static,measured,326,5.4e-05,2.6e-05,3.4e-05,155
orfs_ssd_ctrl_cfg_run_01_p12,signoff_static,measured,327,6.1e-05,3.3e-05,3e-05,161
orfs_ssd_ctrl_cfg_run_01_p12,signoff_static,measured,328,5.5e-05,2.7e-05,2.9e-05,169
orfs_ssd_ctrl_cfg_run_01_p12,signoff_static,measured,329,5.9e-05,2.8e-05,4.3e-05,167
orfs_ssd_ctrl_cfg_run_01_p12,signoff_static,measured,330,0.000132,7e-05,7.5e-05,163
orfs_ssd_ctrl_cfg_run_01_p12,signoff_static,measured,331,0.000261,0.000134,0.000145,164
orfs_ssd_ctrl_cfg_run_01_p12,signoff_static,measured,332,0.000355,0.000171,0.000184,175
orfs_ssd_ctrl_cfg_run_01_p12,signoff_static,measured,333,0.000303,0.00016,0.000155,162
orfs_ssd_ctrl_cfg_run_01_p12,signoff_static,measured,334,0.000309,0.000159,0.000157,145
orfs_ssd_ctrl_cfg_run_01_p12,signoff_static,measured,335,0.000257,0.000155,0.000125,159
orfs_ssd_ctrl_cfg_run_01_p12,signoff_static,measured,336,2e-06,1e-06,1e-06,42
orfs_ssd_ctrl_cfg_run_01_p12,signoff_static,measured,337,1.2e-05,6e-06,6e-06,42
orfs_ssd_ctrl_cfg_run_01_p12,signoff_static,measured,338,5.9e-05,2.5e-05,3.6e-05,101
orfs_ssd_ctrl_cfg_run_01_p12,signoff_static,measured,339,0.000104,5.1e-05,5.3e-05,146
orfs_ssd_ctrl_cfg_run_01_p12,signoff_static,measured,340,0.000129,6.8e-05,6.3e-05,152
orfs_ssd_ctrl_cfg_run_01_p12,signoff_static,measured,341,0.000118,6.6e-05,5.2e-05,160
orfs_ssd_ctrl_cfg_run_01_p12,signoff_static,measured,342,0.000162,0.0001,7.1e-05,173
orfs_ssd_ctrl_cfg_run_01_p12,signoff_static,measured,343,0.000156,8e-05,8.4e-05,157
orfs_ssd_ctrl_cfg_run_01_p12,signoff_static,measured,344,0.000163,8.1e-05,9.3e-05,148
orfs_ssd_ctrl_cfg_run_01_p12,signoff_static,measured,345,0.000158,7e-05,9.3e-05,159
orfs_ssd_ctrl_cfg_run_01_p12,signoff_static,measured,346,0.00011,6.1e-05,5.4e-05,173
orfs_ssd_ctrl_cfg_run_01_p12,signoff_static,measured,347,6.9e-05,3.5e-05,3.6e-05,163
orfs_ssd_ctrl_cfg_run_01_p12,signoff_static,measured,348,6e-05,3e-05,3.1e-05,178
orfs_ssd_ctrl_cfg_run_01_p12,signoff_static,measured,349,5.1e-05,2.9e-05,2.9e-05,205
orfs_ssd_ctrl_cfg_run_01_p12,signoff_static,measured,350,5e-05,2.9e-05,2.6e-05,155
orfs_ssd_ctrl_cfg_run_01_p12,signoff_static,measured,351,4.5e-05,2.2e-05,2.5e-05,166
orfs_ssd_ctrl_cfg_run_01_p12,signoff_static,measured,352,6.2e-05,2.5e-05,3.7e-05,157
orfs_ssd_ctrl_cfg_run_01_p12,signoff_static,measured,353,5.8e-05,3.5e-05,3e-05,174
orfs_ssd_ctrl_cfg_run_01_p12,signoff_static,measured,354,0.000131,6.3e-05,6.8e-05,170
orfs_ssd_ctrl_cfg_run_01_p12,signoff_static,measured,355,0.000372,0.000227,0.000145,154
orfs_ssd_ctrl_cfg_run_01_p12,signoff_static,measured,356,0.000321,0.000197,0.000153,175
orfs_ssd_ctrl_cfg_run_01_p12,signoff_static,measured,357,0.000317,0.000172,0.000173,167
orfs_ssd_ctrl_cfg_run_01_p12,signoff_static,measured,358,0.000302,0.000147,0.000172,143
orfs_ssd_ctrl_cfg_run_01_p12,signoff_static,measured,359,0.000252,0.000117,0.000138,139
orfs_ssd_ctrl_cfg_run_01_p12,signoff_static,measured,360,0.0,0.0,0.0,36
orfs_ssd_ctrl_cfg_run_01_p12,signoff_static,measured,361,2e-06,1e-06,1e-06,36
orfs_ssd_ctrl_cfg_run_01_p12,signoff_static,measured,362,1e-05,5e-06,5e-06,36
orfs_ssd_ctrl_cfg_run_01_p12,signoff_static,measured,363,6.8e-05,3.1e-05,3.9e-05,83
orfs_ssd_ctrl_cfg_run_01_p12,signoff_static,measured,364,8.2e-05,4.1e-05,4.1e-05,121
orfs_ssd_ctrl_cfg_run_01_p12,signoff_static,measured,365,7.2e-05,3.8e-05,3.9e-05,110
orfs_ssd_ctrl_cfg_run_01_p12,signoff_static,measured,366,0.000169,6.4e-05,0.000109,114
orfs_ssd_ctrl_cfg_run_01_p12,signoff_static,measured,367,0.0002,7.6e-05,0.000125,148
orfs_ssd_ctrl_cfg_run_01_p12,signoff_static,measured,368,0.000163,8.8e-05,8.4e-05,123
orfs_ssd_ctrl_cfg_run_01_p12,signoff_static,measured,369,0.000244,0.000117,0.000127,153
orfs_ssd_ctrl_cfg_run_01_p12,signoff_static,measured,370,0.000146,7.5e-05,7.1e-05,125
orfs_ssd_ctrl_cfg_run_01_p12,signoff_static,measured,371,7.4e-05,3.7e-05,3.8e-05,145
orfs_ssd_ctrl_cfg_run_01_p12,signoff_static,measured,372,5.4e-05,2.6e-05,3.1e-05,149
orfs_ssd_ctrl_cfg_run_01_p12,signoff_static,measured,373,5.6e-05,2.8e-05,2.9e-05,153
orfs_ssd_ctrl_cfg_run_01_p12,signoff_static,measured,374,5.3e-05,2.9e-05,3.1e-05,156
orfs_ssd_ctrl_cfg_run_01_p12,signoff_static,measured,375,6.9e-05,4.1e-05,3e-05,131
orfs_ssd_ctrl_cfg_run_01_p12,signoff_static,measured,376,0.000162,8.3e-05,7.9e-05,140
orfs_ssd_ctrl_cfg_run_01_p12,signoff_static,measured,377,0.00013,6.1e-05,6.9e-05,137
orfs_ssd_ctrl_cfg_run_01_p12,signoff_static,measured,378,0.000138,7.1e-05,6.7e-05,127
orfs_ssd_ctrl_cfg_run_01_p12,signoff_static,measured,379,0.000198,0.000116,9e-05,141
orfs_ssd_ctrl_cfg_run_01_p12,signoff_static,measured,380,0.000211,9.2e-05,0.00012,130
orfs_ssd_ctrl_cfg_run_01_p12,signoff_static,measured,381,0.000284,0.000144,0.000146,130
orfs_ssd_ctrl_cfg_run_01_p12,signoff_static,measured,382,0.000263,0.000139,0.00014,134
orfs_ssd_ctrl_cfg_run_01_p12,signoff_static,measured,383,0.000279,0.000178,0.000105,126
orfs_ssd_ctrl_cfg_run_01_p12,signoff_static,measured,384,0.0,0.0,0.0,42
orfs_ssd_ctrl_cfg_run_01_p12,signoff_static,measured,385,0.0,0.0,0.0,42
orfs_ssd_ctrl_cfg_run_01_p12,signoff_static,measured,386,2e-06,1e-06,1e-06,42
orfs_ssd_ctrl_cfg_run_01_p12,signoff_static,measured,387,9e-06,4e-06,5e-06,42
orfs_ssd_ctrl_cfg_run_01_p12,signoff_static,measured,388,1.3e-05,6e-06,7e-06,56
orfs_ssd_ctrl_cfg_run_01_p12,signoff_static,measured,389,2.2e-05,1e-05,1.2e-05,42
orfs_ssd_ctrl_cfg_run_01_p12,signoff_static,measured,390,0.000122,5.5e-05,6.7e-05,90
orfs_ssd_ctrl_cfg_run_01_p12,signoff_static,measured,391,0.000121,6.3e-05,6.9e-05,183
orfs_ssd_ctrl_cfg_run_01_p12,signoff_static,measured,392,0.00013,6.7e-05,6.6e-05,170
orfs_ssd_ctrl_cfg_run_01_p12,signoff_static,measured,393,0.000138,7e-05,7.4e-05,158
orfs_ssd_ctrl_cfg_run_01_p12,signoff_static,measured,394,0.000137,7e-05,6.7e-05,166
orfs_ssd_ctrl_cfg_run_01_p12,signoff_static,measured,395,8.8e-05,4e-05,5e-05,174
orfs_ssd_ctrl_cfg_run_01_p12,signoff_static,measured,396,6.4e-05,3.3e-05,3.1e-05,184
orfs_ssd_ctrl_cfg_run_01_p12,signoff_static,measured,397,5.1e-05,2.5e-05,2.8e-05,177
orfs_ssd_ctrl_cfg_run_01_p12,signoff_static,measured,398,8e-05,3.9e-05,4.1e-05,177
orfs_ssd_ctrl_cfg_run_01_p12,signoff_static,measured,399,0.000116,6.8e-05,4.8e-05,155
orfs_ssd_ctrl_cfg_run_01_p12,signoff_static,measured,400,0.00012,5.7e-05,6.3e-05,161
orfs_ssd_ctrl_cfg_run_01_p12,signoff_static,measured,401,7e-05,3.4e-05,3.8e-05,164
orfs_ssd_ctrl_cfg_run_01_p12,signoff_static,measured,402,9.1e-05,4.4e-05,4.7e-05,158
orfs_ssd_ctrl_cfg_run_01_p12,signoff_static,measured,403,0.00016,7.3e-05,9e-05,189
orfs_ssd_ctrl_cfg_run_01_p12,signoff_static,measured,404,0.000169,8.8e-05,8.1e-05,154
orfs_ssd_ctrl_cfg_run_01_p12,signoff_static,measured,405,0.000255,0.000127,0.000131,165
orfs_ssd_ctrl_cfg_run_01_p12,signoff_static,measured,406,0.000252,0.000129,0.000131,164
orfs_ssd_ctrl_cfg_run_01_p12,signoff_static,measured,407,0.000195,0.000114,8.3e-05,152
orfs_ssd_ctrl_cfg_run_01_p12,signoff_static,measured,408,0.0,0.0,0.0,37
orfs_ssd_ctrl_cfg_run_01_p12,signoff_static,measured,409,0.0,0.0,0.0,36
orfs_ssd_ctrl_cfg_run_01_p12,signoff_static,measured,410,0.0,0.0,0.0,36
orfs_ssd_ctrl_cfg_run_01_p12,signoff_static,measured,411,0.0,0.0,0.0,36
orfs_ssd_ctrl_cfg_run_01_p12,signoff_static,measured,412,9e-06,4e-06,5e-06,48
orfs_ssd_ctrl_cfg_run_01_p12,signoff_static,measured,413,7.9e-05,4.2e-05,3.7e-05,37
orfs_ssd_ctrl_cfg_run_01_p12,signoff_static,measured,414,0.000193,0.000108,8.5e-05,146
orfs_ssd_ctrl_cfg_run_01_p12,signoff_static,measured,415,0.000188,0.000103,8.5e-05,136
orfs_ssd_ctrl_cfg_run_01_p12,signoff_static,measured,416,0.000197,0.000123,7.6e-05,129
orfs_ssd_ctrl_cfg_run_01_p12,signoff_static,measured,417,0.000138,7.2e-05,7.3e-05,152
orfs_ssd_ctrl_cfg_run_01_p12,signoff_static,measured,418,0.000121,6.7e-05,5.8e-05,143
orfs_ssd_ctrl_cfg_run_01_p12,signoff_static,measured,419,0.000111,6.2e-05,4.9e-05,125
orfs_ssd_ctrl_cfg_run_01_p12,signoff_static,measured,420,7.8e-05,4.7e-05,3.5e-05,141
orfs_ssd_ctrl_cfg_run_01_p12,signoff_static,measured,421,4.6e-05,2.5e-05,2.3e-05,173
orfs_ssd_ctrl_cfg_run_01_p12,signoff_static,measured,422,6.7e-05,3.4e-05,3.7e-05,159
orfs_ssd_ctrl_cfg_run_01_p12,signoff_static,measured,423,0.000131,7.3e-05,7.1e-05,133
orfs_ssd_ctrl_cfg_run_01_p12,signoff_static,measured,424,0.000199,0.000106,9.7e-05,145
orfs_ssd_ctrl_cfg_run_01_p12,signoff_static,measured,425,0.000295,0.000144,0.000151,153
orfs_ssd_ctrl_cfg_run_01_p12,signoff_static,measured,426,0.000251,0.000121,0.000134,142
orfs_ssd_ctrl_cfg_run_01_p12,signoff_static,measured,427,0.000232,0.000121,0.000114,147
orfs_ssd_ctrl_cfg_run_01_p12,signoff_static,measured,428,0.000259,0.000133,0.000136,153
orfs_ssd_ctrl_cfg_run_01_p12,signoff_static,measured,429,0.000313,0.000167,0.000166,151
orfs_ssd_ctrl_cfg_run_01_p12,signoff_static,measured,430,0.000306,0.000167,0.000152,144
orfs_ssd_ctrl_cfg_run_01_p12,signoff_static,measured,431,0.000238,0.000144,0.000116,115
orfs_ssd_ctrl_cfg_run_01_p12,signoff_static,measured,432,0.0,0.0,0.0,41
orfs_ssd_ctrl_cfg_run_01_p12,signoff_static,measured,433,0.0,0.0,0.0,42
orfs_ssd_ctrl_cfg_run_01_p12,signoff_static,measured,434,0.0,0.0,0.0,42
orfs_ssd_ctrl_cfg_run_01_p12,signoff_static,measured,435,0.0,0.0,0.0,42
orfs_ssd_ctrl_cfg_run_01_p12,signoff_static,measured,436,1e-05,4e-06,6e-06,56
orfs_ssd_ctrl_cfg_run_01_p12,signoff_static,measured,437,9.5e-05,4.3e-05,5.2e-05,44
orfs_ssd_ctrl_cfg_run_01_p12,signoff_static,measured,438,0.000173,9.5e-05,8e-05,157
orfs_ssd_ctrl_cfg_run_01_p12,signoff_static,measured,439,0.000175,0.000108,8.4e-05,154
orfs_ssd_ctrl_cfg_run_01_p12,signoff_static,measured,440,0.000223,0.000123,0.0001,177
orfs_ssd_ctrl_cfg_run_01_p12,signoff_static,measured,441,0.0002,0.000109,9.1e-05,156
orfs_ssd_ctrl_cfg_run_01_p12,signoff_static,measured,442,0.000125,6.5e-05,7e-05,164
orfs_ssd_ctrl_cfg_run_01_p12,signoff_static,measured,443,9.5e-05,5.1e-05,4.5e-05,162
orfs_ssd_ctrl_cfg_run_01_p12,signoff_static,measured,444,6.1e-05,3e-05,3.1e-05,173
orfs_ssd_ctrl_cfg_run_01_p12,signoff_static,measured,445,4.7e-05,2.3e-05,2.5e-05,186
orfs_ssd_ctrl_cfg_run_01_p12,signoff_static,measured,446,8e-05,3.3e-05,4.9e-05,188
orfs_ssd_ctrl_cfg_run_01_p12,signoff_static,measured,447,0.000114,5.8e-05,6e-05,169
orfs_ssd_ctrl_cfg_run_01_p12,signoff_static,measured,448,0.000208,0.000117,9.1e-05,167
orfs_ssd_ctrl_cfg_run_01_p12,signoff_static,measured,449,0.00028,0.000143,0.000138,151
orfs_ssd_ctrl_cfg_run_01_p12,signoff_static,measured,450,0.000256,0.000122,0.000134,161
orfs_ssd_ctrl_cfg_run_01_p12,signoff_static,measured,451,0.000175,8.3e-05,9.2e-05,178
orfs_ssd_ctrl_cfg_run_01_p12,signoff_static,measured,452,0.00024,0.000115,0.00013,128
orfs_ssd_ctrl_cfg_run_01_p12,signoff_static,measured,453,0.000271,0.00014,0.000136,88
orfs_ssd_ctrl_cfg_run_01_p12,signoff_static,measured,454,0.000255,0.000127,0.000131,102
orfs_ssd_ctrl_cfg_run_01_p12,signoff_static,measured,455,0.000224,0.000116,0.000112,84
orfs_ssd_ctrl_cfg_run_01_p12,signoff_static,measured,456,0.0,0.0,0.0,42
orfs_ssd_ctrl_cfg_run_01_p12,signoff_static,measured,457,0.0,0.0,0.0,42
orfs_ssd_ctrl_cfg_run_01_p12,signoff_static,measured,458,0.0,0.0,0.0,42
orfs_ssd_ctrl_cfg_run_01_p12,signoff_static,measured,459,0.0,0.0,0.0,42
orfs_ssd_ctrl_cfg_run_01_p12,signoff_static,measured,460,8e-06,4e-06,4e-06,56
orfs_ssd_ctrl_cfg_run_01_p12,signoff_static,measured,461,6.7e-05,3.9e-05,3.5e-05,43
orfs_ssd_ctrl_cfg_run_01_p12,signoff_static,measured,462,0.000142,7.3e-05,6.9e-05,178
orfs_ssd_ctrl_cfg_run_01_p12,signoff_static,measured,463,0.000186,0.000105,8.1e-05,156
orfs_ssd_ctrl_cfg_run_01_p12,signoff_static,measured,464,0.000153,8.1e-05,8.1e-05,178
orfs_ssd_ctrl_cfg_run_01_p12,signoff_static,measured,465,0.000156,9.4e-05,7.8e-05,162
orfs_ssd_ctrl_cfg_run_01_p12,signoff_static,measured,466,0.000159,9e-05,7.4e-05,179
orfs_ssd_ctrl_cfg_run_01_p12,signoff_static,measured,467,0.000101,5.1e-05,6.2e-05,157
orfs_ssd_ctrl_cfg_run_01_p12,signoff_static,measured,468,5.5e-05,3.3e-05,2.8e-05,172
orfs_ssd_ctrl_cfg_run_01_p12,signoff_static,measured,469,6.2e-05,3.4e-05,2.8e-05,196
orfs_ssd_ctrl_cfg_run_01_p12,signoff_static,measured,470,7.2e-05,3.4e-05,3.9e-05,181
orfs_ssd_ctrl_cfg_run_01_p12,signoff_static,measured,471,0.000117,6.1e-05,5.6e-05,158
orfs_ssd_ctrl_cfg_run_01_p12,signoff_static,measured,472,0.000147,8e-05,7.1e-05,174
orfs_ssd_ctrl_cfg_run_01_p12,signoff_static,measured,473,0.000159,8.4e-05,7.5e-05,198
orfs_ssd_ctrl_cfg_run_01_p12,signoff_static,measured,474,0.00017,9.7e-05,8.5e-05,179
orfs_ssd_ctrl_cfg_run_01_p12,signoff_static,measured,475,0.000227,0.000137,9e-05,179
orfs_ssd_ctrl_cfg_run_01_p12,signoff_static,measured,476,0.000227,0.000137,9e-05,117
orfs_ssd_ctrl_cfg_run_01_p12,signoff_static,measured,477,3.6e-05,1.9e-05,1.9e-05,42
orfs_ssd_ctrl_cfg_run_01_p12,signoff_static,measured,478,1.8e-05,8e-06,1e-05,42
orfs_ssd_ctrl_cfg_run_01_p12,signoff_static,measured,479,1.3e-05,6e-06,7e-06,70
orfs_ssd_ctrl_cfg_run_01_p12,signoff_static,measured,480,0.0,0.0,0.0,39
orfs_ssd_ctrl_cfg_run_01_p12,signoff_static,measured,481,0.0,0.0,0.0,36
orfs_ssd_ctrl_cfg_run_01_p12,signoff_static,measured,482,0.0,0.0,0.0,36
orfs_ssd_ctrl_cfg_run_01_p12,signoff_static,measured,483,0.0,0.0,0.0,36
orfs_ssd_ctrl_cfg_run_01_p12,signoff_static,measured,484,6e-06,3e-06,3e-06,47
orfs_ssd_ctrl_cfg_run_01_p12,signoff_static,measured,485,5.6e-05,2.8e-05,2.8e-05,36
orfs_ssd_ctrl_cfg_run_01_p12,signoff_static,measured,486,0.000143,7.6e-05,7.4e-05,127
orfs_ssd_ctrl_cfg_run_01_p12,signoff_static,measured,487,0.000188,0.000103,8.5e-05,133
orfs_ssd_ctrl_cfg_run_01_p12,signoff_static,measured,488,0.000143,7.4e-05,7.8e-05,145
orfs_ssd_ctrl_cfg_run_01_p12,signoff_static,measured,489,0.000128,6.8e-05,6.8e-05,142
orfs_ssd_ctrl_cfg_run_01_p12,signoff_static,measured,490,0.000151,6.9e-05,8.2e-05,141
orfs_ssd_ctrl_cfg_run_01_p12,signoff_static,measured,491,0.000121,6.1e-05,6e-05,111
orfs_ssd_ctrl_cfg_run_01_p12,signoff_static,measured,492,6.8e-05,3.9e-05,3.2e-05,152
orfs_ssd_ctrl_cfg_run_01_p12,signoff_static,measured,493,6.4e-05,3.3e-05,3.1e-05,142
orfs_ssd_ctrl_cfg_run_01_p12,signoff_static,measured,494,5.4e-05,3.1e-05,2.8e-05,153
orfs_ssd_ctrl_cfg_run_01_p12,signoff_static,measured,495,0.00011,4.2e-05,6.8e-05,144
orfs_ssd_ctrl_cfg_run_01_p12,signoff_static,measured,496,0.000216,0.000121,9.5e-05,168
orfs_ssd_ctrl_cfg_run_01_p12,signoff_static,measured,497,0.000208,0.000118,9e-05,161
orfs_ssd_ctrl_cfg_run_01_p12,signoff_static,measured,498,0.000158,7.3e-05,8.5e-05,139
orfs_ssd_ctrl_cfg_run_01_p12,signoff_static,measured,499,0.000154,6e-05,9.7e-05,166
orfs_ssd_ctrl_cfg_run_01_p12,signoff_static,measured,500,0.000115,5.5e-05,7.2e-05,85
orfs_ssd_ctrl_cfg_run_01_p12,signoff_static,measured,501,3e-05,1.9e-05,1.4e-05,36
orfs_ssd_ctrl_cfg_run_01_p12,signoff_static,measured,502,4e-06,2e-06,2e-06,36
orfs_ssd_ctrl_cfg_run_01_p12,signoff_static,measured,503,1e-06,0.0,1e-06,67
orfs_ssd_ctrl_cfg_run_01_p12,signoff_static,measured,504,0.0,0.0,0.0,42
orfs_ssd_ctrl_cfg_run_01_p12,signoff_static,measured,505,0.0,0.0,0.0,42
orfs_ssd_ctrl_cfg_run_01_p12,signoff_static,measured,506,0.0,0.0,0.0,42
orfs_ssd_ctrl_cfg_run_01_p12,signoff_static,measured,507,0.0,0.0,0.0,42
orfs_ssd_ctrl_cfg_run_01_p12,signoff_static,measured,508,4e-06,2e-06,2e-06,56
orfs_ssd_ctrl_cfg_run_01_p12,signoff_static,measured,509,3.9e-05,2e-05,2.1e-05,42
orfs_ssd_ctrl_cfg_run_01_p12,signoff_static,measured,510,0.000125,6.2e-05,6.3e-05,111
orfs_ssd_ctrl_cfg_run_01_p12,signoff_static,measured,511,0.000176,9.4e-05,8.2e-05,170
orfs_ssd_ctrl_cfg_run_01_p12,signoff_static,measured,512,0.000162,9.4e-05,7.5e-05,157
orfs_ssd_ctrl_cfg_run_01_p12,signoff_static,measured,513,0.000157,8.9e-05,7.8e-05,166
orfs_ssd_ctrl_cfg_run_01_p12,signoff_static,measured,514,0.000155,8.2e-05,7.3e-05,163
orfs_ssd_ctrl_cfg_run_01_p12,signoff_static,measured,515,0.000129,6.7e-05,6.2e-05,142
orfs_ssd_ctrl_cfg_run_01_p12,signoff_static,measured,516,5.4e-05,3e-05,3.2e-05,162
orfs_ssd_ctrl_cfg_run_01_p12,signoff_static,measured,517,4.8e-05,2.9e-05,2.1e-05,187
orfs_ssd_ctrl_cfg_run_01_p12,signoff_static,measured,518,5.3e-05,2.7e-05,2.7e-05,167
orfs_ssd_ctrl_cfg_run_01_p12,signoff_static,measured,519,8.1e-05,4.7e-05,3.5e-05,162
orfs_ssd_ctrl_cfg_run_01_p12,signoff_static,measured,520,0.000133,8e-05,5.7e-05,202
orfs_ssd_ctrl_cfg_run_01_p12,signoff_static,measured,521,0.000142,7.3e-05,7.5e-05,200
orfs_ssd_ctrl_cfg_run_01_p12,signoff_static,measured,522,0.000113,4.9e-05,6.5e-05,168
orfs_ssd_ctrl_cfg_run_01_p12,signoff_static,measured,523,0.000104,4.9e-05,5.5e-05,147
orfs_ssd_ctrl_cfg_run_01_p12,signoff_static,measured,524,7.8e-05,4.7e-05,3.1e-05,45
orfs_ssd_ctrl_cfg_run_01_p12,signoff_static,measured,525,8e-06,4e-06,4e-06,42
orfs_ssd_ctrl_cfg_run_01_p12,signoff_static,measured,526,2e-06,1e-06,1e-06,42
orfs_ssd_ctrl_cfg_run_01_p12,signoff_static,measured,527,0.0,0.0,0.0,77
orfs_ssd_ctrl_cfg_run_01_p12,signoff_static,measured,528,0.0,0.0,0.0,41
orfs_ssd_ctrl_cfg_run_01_p12,signoff_static,measured,529,0.0,0.0,0.0,42
orfs_ssd_ctrl_cfg_run_01_p12,signoff_static,measured,530,0.0,0.0,0.0,42
orfs_ssd_ctrl_cfg_run_01_p12,signoff_static,measured,531,0.0,0.0,0.0,42
orfs_ssd_ctrl_cfg_run_01_p12,signoff_static,measured,532,2e-06,1e-06,1e-06,56
orfs_ssd_ctrl_cfg_run_01_p12,signoff_static,measured,533,8e-06,4e-06,4e-06,42
orfs_ssd_ctrl_cfg_run_01_p12,signoff_static,measured,534,6.1e-05,3.4e-05,2.7e-05,63
orfs_ssd_ctrl_cfg_run_01_p12,signoff_static,measured,535,0.000118,6.2e-05,5.6e-05,122
orfs_ssd_ctrl_cfg_run_01_p12,signoff_static,measured,536,0.000134,7e-05,7e-05,152
orfs_ssd_ctrl_cfg_run_01_p12,signoff_static,measured,537,0.000146,7.1e-05,8.3e-05,161
orfs_ssd_ctrl_cfg_run_01_p12,signoff_static,measured,538,0.000133,7.3e-05,6.3e-05,122
orfs_ssd_ctrl_cfg_run_01_p12,signoff_static,measured,539,6.1e-05,2.9e-05,4e-05,111
orfs_ssd_ctrl_cfg_run_01_p12,signoff_static,measured,540,6.3e-05,2.6e-05,3.7e-05,172
orfs_ssd_ctrl_cfg_run_01_p12,signoff_static,measured,541,6.3e-05,3.2e-05,3.7e-05,184
orfs_ssd_ctrl_cfg_run_01_p12,signoff_static,measured,542,5.4e-05,3e-05,2.7e-05,156
orfs_ssd_ctrl_cfg_run_01_p12,signoff_static,measured,543,8.3e-05,4.6e-05,3.7e-05,157
orfs_ssd_ctrl_cfg_run_01_p12,signoff_static,measured,544,0.000106,5.2e-05,5.5e-05,147
orfs_ssd_ctrl_cfg_run_01_p12,signoff_static,measured,545,7e-05,3.2e-05,3.9e-05,197
orfs_ssd_ctrl_cfg_run_01_p12,signoff_static,measured,546,8e-05,3.1e-05,4.9e-05,145
orfs_ssd_ctrl_cfg_run_01_p12,signoff_static,measured,547,6.9e-05,3.1e-05,4.4e-05,79
orfs_ssd_ctrl_cfg_run_01_p12,signoff_static,measured,548,1.6e-05,5e-06,1.1e-05,42
orfs_ssd_ctrl_cfg_run_01_p12,signoff_static,measured,549,2e-06,1e-06,1e-06,42
orfs_ssd_ctrl_cfg_run_01_p12,signoff_static,measured,550,0.0,0.0,0.0,42
orfs_ssd_ctrl_cfg_run_01_p12,signoff_static,measured,551,0.0,0.0,0.0,75
orfs_ssd_ctrl_cfg_run_01_p12,signoff_static,measured,552,0.0,0.0,0.0,29
orfs_ssd_ctrl_cfg_run_01_p12,signoff_static,measured,553,0.0,0.0,0.0,30
orfs_ssd_ctrl_cfg_run_01_p12,signoff_static,measured,554,0.0,0.0,0.0,28
orfs_ssd_ctrl_cfg_run_01_p12,signoff_static,measured,555,0.0,0.0,0.0,27
orfs_ssd_ctrl_cfg_run_01_p12,signoff_static,measured,556,0.0,0.0,0.0,35
orfs_ssd_ctrl_cfg_run_01_p12,signoff_static,measured,557,2e-06,1e-06,1e-06,27
orfs_ssd_ctrl_cfg_run_01_p12,signoff_static,measured,558,6e-06,3e-06,3e-06,42
orfs_ssd_ctrl_cfg_run_01_p12,signoff_static,measured,559,1.5e-05,7e-06,8e-06,27
orfs_ssd_ctrl_cfg_run_01_p12,signoff_static,measured,560,2.1e-05,1e-05,1.1e-05,27
orfs_ssd_ctrl_cfg_run_01_p12,signoff_static,measured,561,2.2e-05,1.1e-05,1.1e-05,27
orfs_ssd_ctrl_cfg_run_01_p12,signoff_static,measured,562,2e-05,1e-05,1e-05,27
orfs_ssd_ctrl_cfg_run_01_p12,signoff_static,measured,563,1.3e-05,8e-06,6e-06,29
orfs_ssd_ctrl_cfg_run_01_p12,signoff_static,measured,564,3.1e-05,1.6e-05,1.6e-05,58
orfs_ssd_ctrl_cfg_run_01_p12,signoff_static,measured,565,4.9e-05,3.2e-05,1.7e-05,93
orfs_ssd_ctrl_cfg_run_01_p12,signoff_static,measured,566,5.5e-05,3e-05,2.6e-05,81
orfs_ssd_ctrl_cfg_run_01_p12,signoff_static,measured,567,7.6e-05,3.9e-05,3.7e-05,58
orfs_ssd_ctrl_cfg_run_01_p12,signoff_static,measured,568,7.8e-05,3.9e-05,3.9e-05,97
orfs_ssd_ctrl_cfg_run_01_p12,signoff_static,measured,569,5.1e-05,2.7e-05,2.7e-05,104
orfs_ssd_ctrl_cfg_run_01_p12,signoff_static,measured,570,3.8e-05,2.1e-05,1.7e-05,60
orfs_ssd_ctrl_cfg_run_01_p12,signoff_static,measured,571,1e-05,6e-06,5e-06,43
orfs_ssd_ctrl_cfg_run_01_p12,signoff_static,measured,572,2e-06,1e-06,1e-06,27
orfs_ssd_ctrl_cfg_run_01_p12,signoff_static,measured,573,0.0,0.0,0.0,27
orfs_ssd_ctrl_cfg_run_01_p12,signoff_static,measured,574,0.0,0.0,0.0,27
orfs_ssd_ctrl_cfg_run_01_p12,signoff_static,measured,575,0.0,0.0,0.0,53
