# tile_id = ty * 24 + tx. Volts. pred_v = worst VDD drop of any cell in the tile. Measured by PDNSim, static, 1.1 V; one solve, no scenario scaling.
design,scenario,partition,tile_id,pred_v,vdd_drop_v,vss_bounce_v,n_cells
orfs_ssd_ctrl_cfg_run_04_p16,signoff_static,measured,0,1e-06,1e-06,1e-06,31
orfs_ssd_ctrl_cfg_run_04_p16,signoff_static,measured,1,2e-06,2e-06,2e-06,30
orfs_ssd_ctrl_cfg_run_04_p16,signoff_static,measured,2,1.2e-05,1.2e-05,6e-06,31
orfs_ssd_ctrl_cfg_run_04_p16,signoff_static,measured,3,3.4e-05,3.4e-05,3.8e-05,47
orfs_ssd_ctrl_cfg_run_04_p16,signoff_static,measured,4,5.2e-05,5.2e-05,5.8e-05,65
orfs_ssd_ctrl_cfg_run_04_p16,signoff_static,measured,5,7.4e-05,7.4e-05,9.4e-05,91
orfs_ssd_ctrl_cfg_run_04_p16,signoff_static,measured,6,9.8e-05,9.8e-05,7.4e-05,124
orfs_ssd_ctrl_cfg_run_04_p16,signoff_static,measured,7,8.6e-05,8.6e-05,6.3e-05,122
orfs_ssd_ctrl_cfg_run_04_p16,signoff_static,measured,8,7.4e-05,7.4e-05,6.1e-05,95
orfs_ssd_ctrl_cfg_run_04_p16,signoff_static,measured,9,0.000118,0.000118,8e-05,89
orfs_ssd_ctrl_cfg_run_04_p16,signoff_static,measured,10,0.000119,0.000119,0.000104,93
orfs_ssd_ctrl_cfg_run_04_p16,signoff_static,measured,11,0.0001,0.0001,0.000113,110
orfs_ssd_ctrl_cfg_run_04_p16,signoff_static,measured,12,0.000106,0.000106,0.00011,113
orfs_ssd_ctrl_cfg_run_04_p16,signoff_static,measured,13,0.000111,0.000111,9.2e-05,117
orfs_ssd_ctrl_cfg_run_04_p16,signoff_static,measured,14,0.000109,0.000109,8.9e-05,82
orfs_ssd_ctrl_cfg_run_04_p16,signoff_static,measured,15,6.3e-05,6.3e-05,5.3e-05,32
orfs_ssd_ctrl_cfg_run_04_p16,signoff_static,measured,16,9.3e-05,9.3e-05,0.000109,91
orfs_ssd_ctrl_cfg_run_04_p16,signoff_static,measured,17,0.00012,0.00012,0.000111,101
orfs_ssd_ctrl_cfg_run_04_p16,signoff_static,measured,18,8.2e-05,8.2e-05,0.000116,94
orfs_ssd_ctrl_cfg_run_04_p16,signoff_static,measured,19,6.4e-05,6.4e-05,7.1e-05,70
orfs_ssd_ctrl_cfg_run_04_p16,signoff_static,measured,20,4.6e-05,4.6e-05,3.2e-05,30
orfs_ssd_ctrl_cfg_run_04_p16,signoff_static,measured,21,1.1e-05,1.1e-05,7e-06,30
orfs_ssd_ctrl_cfg_run_04_p16,signoff_static,measured,22,3e-06,3e-06,2e-06,30
orfs_ssd_ctrl_cfg_run_04_p16,signoff_static,measured,23,1e-06,1e-06,0.0,62
orfs_ssd_ctrl_cfg_run_04_p16,signoff_static,measured,24,3e-06,3e-06,3e-06,42
orfs_ssd_ctrl_cfg_run_04_p16,signoff_static,measured,25,1.4e-05,1.4e-05,1.3e-05,42
orfs_ssd_ctrl_cfg_run_04_p16,signoff_static,measured,26,5.2e-05,5.2e-05,3.9e-05,76
orfs_ssd_ctrl_cfg_run_04_p16,signoff_static,measured,27,5.8e-05,5.8e-05,5.6e-05,93
orfs_ssd_ctrl_cfg_run_04_p16,signoff_static,measured,28,6.2e-05,6.2e-05,8.4e-05,151
orfs_ssd_ctrl_cfg_run_04_p16,signoff_static,measured,29,0.0001,0.0001,0.000107,162
orfs_ssd_ctrl_cfg_run_04_p16,signoff_static,measured,30,9.5e-05,9.5e-05,0.000116,168
orfs_ssd_ctrl_cfg_run_04_p16,signoff_static,measured,31,0.000108,0.000108,0.000113,169
orfs_ssd_ctrl_cfg_run_04_p16,signoff_static,measured,32,0.000107,0.000107,9.9e-05,154
orfs_ssd_ctrl_cfg_run_04_p16,signoff_static,measured,33,9.9e-05,9.9e-05,0.00011,157
orfs_ssd_ctrl_cfg_run_04_p16,signoff_static,measured,34,0.000126,0.000126,0.000126,164
orfs_ssd_ctrl_cfg_run_04_p16,signoff_static,measured,35,0.000127,0.000127,0.000133,166
orfs_ssd_ctrl_cfg_run_04_p16,signoff_static,measured,36,0.000131,0.000131,0.000148,167
orfs_ssd_ctrl_cfg_run_04_p16,signoff_static,measured,37,0.000126,0.000126,0.000141,164
orfs_ssd_ctrl_cfg_run_04_p16,signoff_static,measured,38,0.000124,0.000124,0.000125,140
orfs_ssd_ctrl_cfg_run_04_p16,signoff_static,measured,39,0.000106,0.000106,0.000106,141
orfs_ssd_ctrl_cfg_run_04_p16,signoff_static,measured,40,0.000116,0.000116,0.000142,162
orfs_ssd_ctrl_cfg_run_04_p16,signoff_static,measured,41,0.000145,0.000145,0.000144,146
orfs_ssd_ctrl_cfg_run_04_p16,signoff_static,measured,42,0.000141,0.000141,0.000131,153
orfs_ssd_ctrl_cfg_run_04_p16,signoff_static,measured,43,0.000161,0.000161,0.000197,180
orfs_ssd_ctrl_cfg_run_04_p16,signoff_static,measured,44,0.000112,0.000112,0.000122,84
orfs_ssd_ctrl_cfg_run_04_p16,signoff_static,measured,45,2.9e-05,2.9e-05,2.6e-05,42
orfs_ssd_ctrl_cfg_run_04_p16,signoff_static,measured,46,6e-06,6e-06,5e-06,42
orfs_ssd_ctrl_cfg_run_04_p16,signoff_static,measured,47,1e-06,1e-06,1e-06,79
orfs_ssd_ctrl_cfg_run_04_p16,signoff_static,measured,48,7e-06,7e-06,6e-06,36
orfs_ssd_ctrl_cfg_run_04_p16,signoff_static,measured,49,3.9e-05,3.9e-05,3.7e-05,55
orfs_ssd_ctrl_cfg_run_04_p16,signoff_static,measured,50,6e-05,6e-05,7.4e-05,128
orfs_ssd_ctrl_cfg_run_04_p16,signoff_static,measured,51,7e-05,7e-05,9.4e-05,124
orfs_ssd_ctrl_cfg_run_04_p16,signoff_static,measured,52,0.000111,0.000111,9.2e-05,123
orfs_ssd_ctrl_cfg_run_04_p16,signoff_static,measured,53,0.000113,0.000113,0.000124,132
orfs_ssd_ctrl_cfg_run_04_p16,signoff_static,measured,54,0.000116,0.000116,0.000126,132
orfs_ssd_ctrl_cfg_run_04_p16,signoff_static,measured,55,7.9e-05,7.9e-05,9.2e-05,128
orfs_ssd_ctrl_cfg_run_04_p16,signoff_static,measured,56,0.000124,0.000124,0.000115,135
orfs_ssd_ctrl_cfg_run_04_p16,signoff_static,measured,57,0.000115,0.000115,0.000139,134
orfs_ssd_ctrl_cfg_run_04_p16,signoff_static,measured,58,0.000134,0.000134,0.000107,142
orfs_ssd_ctrl_cfg_run_04_p16,signoff_static,measured,59,0.000143,0.000143,9.9e-05,127
orfs_ssd_ctrl_cfg_run_04_p16,signoff_static,measured,60,0.000101,0.000101,9.9e-05,164
orfs_ssd_ctrl_cfg_run_04_p16,signoff_static,measured,61,0.000112,0.000112,0.00012,152
orfs_ssd_ctrl_cfg_run_04_p16,signoff_static,measured,62,0.000126,0.000126,0.000115,136
orfs_ssd_ctrl_cfg_run_04_p16,signoff_static,measured,63,0.000153,0.000153,0.000109,121
orfs_ssd_ctrl_cfg_run_04_p16,signoff_static,measured,64,0.000124,0.000124,0.000122,130
orfs_ssd_ctrl_cfg_run_04_p16,signoff_static,measured,65,0.000131,0.000131,0.000128,135
orfs_ssd_ctrl_cfg_run_04_p16,signoff_static,measured,66,0.000119,0.000119,0.000129,143
orfs_ssd_ctrl_cfg_run_04_p16,signoff_static,measured,67,0.000122,0.000122,0.000197,156
orfs_ssd_ctrl_cfg_run_04_p16,signoff_static,measured,68,0.000131,0.000131,0.000139,109
orfs_ssd_ctrl_cfg_run_04_p16,signoff_static,measured,69,4.4e-05,4.4e-05,3.5e-05,36
orfs_ssd_ctrl_cfg_run_04_p16,signoff_static,measured,70,9e-06,9e-06,7e-06,37
orfs_ssd_ctrl_cfg_run_04_p16,signoff_static,measured,71,2e-06,2e-06,2e-06,60
orfs_ssd_ctrl_cfg_run_04_p16,signoff_static,measured,72,1.4e-05,1.4e-05,1.2e-05,42
orfs_ssd_ctrl_cfg_run_04_p16,signoff_static,measured,73,5.1e-05,5.1e-05,4.2e-05,84
orfs_ssd_ctrl_cfg_run_04_p16,signoff_static,measured,74,6.2e-05,6.2e-05,5.6e-05,154
orfs_ssd_ctrl_cfg_run_04_p16,signoff_static,measured,75,9.2e-05,9.2e-05,7.5e-05,150
orfs_ssd_ctrl_cfg_run_04_p16,signoff_static,measured,76,0.000108,0.000108,9.7e-05,142
orfs_ssd_ctrl_cfg_run_04_p16,signoff_static,measured,77,9.8e-05,9.8e-05,0.000106,146
orfs_ssd_ctrl_cfg_run_04_p16,signoff_static,measured,78,0.000135,0.000135,0.000149,174
orfs_ssd_ctrl_cfg_run_04_p16,signoff_static,measured,79,0.00012,0.00012,0.000142,154
orfs_ssd_ctrl_cfg_run_04_p16,signoff_static,measured,80,0.000149,0.000149,0.000149,164
orfs_ssd_ctrl_cfg_run_04_p16,signoff_static,measured,81,0.000124,0.000124,0.000124,147
orfs_ssd_ctrl_cfg_run_04_p16,signoff_static,measured,82,0.000122,0.000122,0.000151,168
orfs_ssd_ctrl_cfg_run_04_p16,signoff_static,measured,83,0.000124,0.000124,0.000127,163
orfs_ssd_ctrl_cfg_run_04_p16,signoff_static,measured,84,0.000109,0.000109,0.00012,170
orfs_ssd_ctrl_cfg_run_04_p16,signoff_static,measured,85,0.000115,0.000115,0.000114,168
orfs_ssd_ctrl_cfg_run_04_p16,signoff_static,measured,86,0.00013,0.00013,0.000124,155
orfs_ssd_ctrl_cfg_run_04_p16,signoff_static,measured,87,0.000122,0.000122,0.000125,161
orfs_ssd_ctrl_cfg_run_04_p16,signoff_static,measured,88,0.000112,0.000112,0.000121,171
orfs_ssd_ctrl_cfg_run_04_p16,signoff_static,measured,89,0.00012,0.00012,0.000113,166
orfs_ssd_ctrl_cfg_run_04_p16,signoff_static,measured,90,0.000113,0.000113,0.000116,149
orfs_ssd_ctrl_cfg_run_04_p16,signoff_static,measured,91,0.000123,0.000123,0.000104,178
orfs_ssd_ctrl_cfg_run_04_p16,signoff_static,measured,92,0.000115,0.000115,8.5e-05,129
orfs_ssd_ctrl_cfg_run_04_p16,signoff_static,measured,93,5.8e-05,5.8e-05,3.8e-05,43
orfs_ssd_ctrl_cfg_run_04_p16,signoff_static,measured,94,1e-05,1e-05,8e-06,42
orfs_ssd_ctrl_cfg_run_04_p16,signoff_static,measured,95,2e-06,2e-06,2e-06,70
orfs_ssd_ctrl_cfg_run_04_p16,signoff_static,measured,96,4.6e-05,4.6e-05,6.4e-05,82
orfs_ssd_ctrl_cfg_run_04_p16,signoff_static,measured,97,7.1e-05,7.1e-05,7.8e-05,148
orfs_ssd_ctrl_cfg_run_04_p16,signoff_static,measured,98,7.5e-05,7.5e-05,8e-05,142
orfs_ssd_ctrl_cfg_run_04_p16,signoff_static,measured,99,7.2e-05,7.2e-05,0.000117,162
orfs_ssd_ctrl_cfg_run_04_p16,signoff_static,measured,100,0.000145,0.000145,0.000131,170
orfs_ssd_ctrl_cfg_run_04_p16,signoff_static,measured,101,0.000129,0.000129,0.000117,156
orfs_ssd_ctrl_cfg_run_04_p16,signoff_static,measured,102,0.000188,0.000188,0.000116,166
orfs_ssd_ctrl_cfg_run_04_p16,signoff_static,measured,103,0.000129,0.000129,0.000111,165
orfs_ssd_ctrl_cfg_run_04_p16,signoff_static,measured,104,0.000103,0.000103,0.000132,144
orfs_ssd_ctrl_cfg_run_04_p16,signoff_static,measured,105,0.000108,0.000108,0.000131,151
orfs_ssd_ctrl_cfg_run_04_p16,signoff_static,measured,106,0.000112,0.000112,0.000121,179
orfs_ssd_ctrl_cfg_run_04_p16,signoff_static,measured,107,0.000114,0.000114,0.000134,163
orfs_ssd_ctrl_cfg_run_04_p16,signoff_static,measured,108,0.00012,0.00012,0.000139,166
orfs_ssd_ctrl_cfg_run_04_p16,signoff_static,measured,109,0.00014,0.00014,0.000142,166
orfs_ssd_ctrl_cfg_run_04_p16,signoff_static,measured,110,0.000171,0.000171,0.000129,166
orfs_ssd_ctrl_cfg_run_04_p16,signoff_static,measured,111,0.000161,0.000161,0.000122,160
orfs_ssd_ctrl_cfg_run_04_p16,signoff_static,measured,112,0.000133,0.000133,0.000151,143
orfs_ssd_ctrl_cfg_run_04_p16,signoff_static,measured,113,0.000141,0.000141,0.000138,159
orfs_ssd_ctrl_cfg_run_04_p16,signoff_static,measured,114,0.000113,0.000113,0.000117,157
orfs_ssd_ctrl_cfg_run_04_p16,signoff_static,measured,115,0.000152,0.000152,0.000113,185
orfs_ssd_ctrl_cfg_run_04_p16,signoff_static,measured,116,0.000112,0.000112,0.000107,116
orfs_ssd_ctrl_cfg_run_04_p16,signoff_static,measured,117,7.1e-05,7.1e-05,5e-05,42
orfs_ssd_ctrl_cfg_run_04_p16,signoff_static,measured,118,1.2e-05,1.2e-05,9e-06,42
orfs_ssd_ctrl_cfg_run_04_p16,signoff_static,measured,119,3e-06,3e-06,2e-06,71
orfs_ssd_ctrl_cfg_run_04_p16,signoff_static,measured,120,9.2e-05,9.2e-05,9.4e-05,85
orfs_ssd_ctrl_cfg_run_04_p16,signoff_static,measured,121,9.2e-05,9.2e-05,7.9e-05,132
orfs_ssd_ctrl_cfg_run_04_p16,signoff_static,measured,122,8.5e-05,8.5e-05,9.3e-05,139
orfs_ssd_ctrl_cfg_run_04_p16,signoff_static,measured,123,0.000159,0.000159,0.000131,134
orfs_ssd_ctrl_cfg_run_04_p16,signoff_static,measured,124,0.000127,0.000127,0.000127,143
orfs_ssd_ctrl_cfg_run_04_p16,signoff_static,measured,125,8.5e-05,8.5e-05,0.0001,125
orfs_ssd_ctrl_cfg_run_04_p16,signoff_static,measured,126,0.00014,0.00014,0.000134,144
orfs_ssd_ctrl_cfg_run_04_p16,signoff_static,measured,127,0.000184,0.000184,0.000152,129
orfs_ssd_ctrl_cfg_run_04_p16,signoff_static,measured,128,0.000238,0.000238,0.000206,146
orfs_ssd_ctrl_cfg_run_04_p16,signoff_static,measured,129,0.000239,0.000239,0.000318,126
orfs_ssd_ctrl_cfg_run_04_p16,signoff_static,measured,130,0.000194,0.000194,0.000238,130
orfs_ssd_ctrl_cfg_run_04_p16,signoff_static,measured,131,0.000131,0.000131,0.000166,155
orfs_ssd_ctrl_cfg_run_04_p16,signoff_static,measured,132,0.000197,0.000197,0.000188,148
orfs_ssd_ctrl_cfg_run_04_p16,signoff_static,measured,133,0.000119,0.000119,0.000127,155
orfs_ssd_ctrl_cfg_run_04_p16,signoff_static,measured,134,0.000118,0.000118,0.000113,130
orfs_ssd_ctrl_cfg_run_04_p16,signoff_static,measured,135,0.000128,0.000128,0.000116,144
orfs_ssd_ctrl_cfg_run_04_p16,signoff_static,measured,136,0.000127,0.000127,0.000116,142
orfs_ssd_ctrl_cfg_run_04_p16,signoff_static,measured,137,0.000109,0.000109,0.000128,140
orfs_ssd_ctrl_cfg_run_04_p16,signoff_static,measured,138,0.000118,0.000118,0.000128,128
orfs_ssd_ctrl_cfg_run_04_p16,signoff_static,measured,139,0.000122,0.000122,0.000105,142
orfs_ssd_ctrl_cfg_run_04_p16,signoff_static,measured,140,8.3e-05,8.3e-05,9.1e-05,106
orfs_ssd_ctrl_cfg_run_04_p16,signoff_static,measured,141,4.9e-05,4.9e-05,3.6e-05,36
orfs_ssd_ctrl_cfg_run_04_p16,signoff_static,measured,142,1e-05,1e-05,8e-06,37
orfs_ssd_ctrl_cfg_run_04_p16,signoff_static,measured,143,2e-06,2e-06,2e-06,64
orfs_ssd_ctrl_cfg_run_04_p16,signoff_static,measured,144,7.9e-05,7.9e-05,6.5e-05,127
orfs_ssd_ctrl_cfg_run_04_p16,signoff_static,measured,145,8.3e-05,8.3e-05,6.9e-05,162
orfs_ssd_ctrl_cfg_run_04_p16,signoff_static,measured,146,0.000139,0.000139,0.000107,172
orfs_ssd_ctrl_cfg_run_04_p16,signoff_static,measured,147,0.000143,0.000143,0.000147,152
orfs_ssd_ctrl_cfg_run_04_p16,signoff_static,measured,148,0.000142,0.000142,0.00017,148
orfs_ssd_ctrl_cfg_run_04_p16,signoff_static,measured,149,0.000191,0.000191,0.000191,167
orfs_ssd_ctrl_cfg_run_04_p16,signoff_static,measured,150,0.000122,0.000122,0.000149,179
orfs_ssd_ctrl_cfg_run_04_p16,signoff_static,measured,151,0.000269,0.000269,0.000194,186
orfs_ssd_ctrl_cfg_run_04_p16,signoff_static,measured,152,0.000357,0.000357,0.000312,226
orfs_ssd_ctrl_cfg_run_04_p16,signoff_static,measured,153,0.000376,0.000376,0.000347,242
orfs_ssd_ctrl_cfg_run_04_p16,signoff_static,measured,154,0.000261,0.000261,0.000275,164
orfs_ssd_ctrl_cfg_run_04_p16,signoff_static,measured,155,0.000169,0.000169,0.000185,170
orfs_ssd_ctrl_cfg_run_04_p16,signoff_static,measured,156,0.000144,0.000144,0.000138,178
orfs_ssd_ctrl_cfg_run_04_p16,signoff_static,measured,157,0.000173,0.000173,0.000139,173
orfs_ssd_ctrl_cfg_run_04_p16,signoff_static,measured,158,0.000173,0.000173,0.000127,162
orfs_ssd_ctrl_cfg_run_04_p16,signoff_static,measured,159,0.000133,0.000133,0.000121,172
orfs_ssd_ctrl_cfg_run_04_p16,signoff_static,measured,160,0.000145,0.000145,0.000125,162
orfs_ssd_ctrl_cfg_run_04_p16,signoff_static,measured,161,0.000123,0.000123,0.000131,176
orfs_ssd_ctrl_cfg_run_04_p16,signoff_static,measured,162,0.000127,0.000127,0.000158,162
orfs_ssd_ctrl_cfg_run_04_p16,signoff_static,measured,163,0.000125,0.000125,0.000143,174
orfs_ssd_ctrl_cfg_run_04_p16,signoff_static,measured,164,9.8e-05,9.8e-05,0.000121,118
orfs_ssd_ctrl_cfg_run_04_p16,signoff_static,measured,165,4.6e-05,4.6e-05,3.1e-05,42
orfs_ssd_ctrl_cfg_run_04_p16,signoff_static,measured,166,8e-06,8e-06,7e-06,42
orfs_ssd_ctrl_cfg_run_04_p16,signoff_static,measured,167,2e-06,2e-06,2e-06,71
orfs_ssd_ctrl_cfg_run_04_p16,signoff_static,measured,168,9.6e-05,9.6e-05,7.3e-05,126
orfs_ssd_ctrl_cfg_run_04_p16,signoff_static,measured,169,9.1e-05,9.1e-05,6.9e-05,120
orfs_ssd_ctrl_cfg_run_04_p16,signoff_static,measured,170,9.2e-05,9.2e-05,0.000106,129
orfs_ssd_ctrl_cfg_run_04_p16,signoff_static,measured,171,8.5e-05,8.5e-05,7.7e-05,126
orfs_ssd_ctrl_cfg_run_04_p16,signoff_static,measured,172,8.8e-05,8.8e-05,9.4e-05,140
orfs_ssd_ctrl_cfg_run_04_p16,signoff_static,measured,173,0.000131,0.000131,0.000133,139
orfs_ssd_ctrl_cfg_run_04_p16,signoff_static,measured,174,0.000134,0.000134,0.000127,150
orfs_ssd_ctrl_cfg_run_04_p16,signoff_static,measured,175,0.000171,0.000171,0.000162,144
orfs_ssd_ctrl_cfg_run_04_p16,signoff_static,measured,176,0.000257,0.000257,0.000342,170
orfs_ssd_ctrl_cfg_run_04_p16,signoff_static,measured,177,0.000241,0.000241,0.000248,133
orfs_ssd_ctrl_cfg_run_04_p16,signoff_static,measured,178,0.000241,0.000241,0.00025,134
orfs_ssd_ctrl_cfg_run_04_p16,signoff_static,measured,179,0.000127,0.000127,0.000153,135
orfs_ssd_ctrl_cfg_run_04_p16,signoff_static,measured,180,8.9e-05,8.9e-05,0.000121,223
orfs_ssd_ctrl_cfg_run_04_p16,signoff_static,measured,181,0.00011,0.00011,0.000106,152
orfs_ssd_ctrl_cfg_run_04_p16,signoff_static,measured,182,0.000114,0.000114,0.000114,120
orfs_ssd_ctrl_cfg_run_04_p16,signoff_static,measured,183,0.000128,0.000128,0.000117,139
orfs_ssd_ctrl_cfg_run_04_p16,signoff_static,measured,184,0.000105,0.000105,0.000101,124
orfs_ssd_ctrl_cfg_run_04_p16,signoff_static,measured,185,7.9e-05,7.9e-05,8.7e-05,183
orfs_ssd_ctrl_cfg_run_04_p16,signoff_static,measured,186,0.000124,0.000124,0.000109,165
orfs_ssd_ctrl_cfg_run_04_p16,signoff_static,measured,187,0.000101,0.000101,0.00014,159
orfs_ssd_ctrl_cfg_run_04_p16,signoff_static,measured,188,7.6e-05,7.6e-05,8.1e-05,59
orfs_ssd_ctrl_cfg_run_04_p16,signoff_static,measured,189,2.2e-05,2.2e-05,2.4e-05,36
orfs_ssd_ctrl_cfg_run_04_p16,signoff_static,measured,190,5e-06,5e-06,5e-06,37
orfs_ssd_ctrl_cfg_run_04_p16,signoff_static,measured,191,1e-06,1e-06,1e-06,62
orfs_ssd_ctrl_cfg_run_04_p16,signoff_static,measured,192,4.6e-05,4.6e-05,4.4e-05,75
orfs_ssd_ctrl_cfg_run_04_p16,signoff_static,measured,193,6.3e-05,6.3e-05,6.2e-05,130
orfs_ssd_ctrl_cfg_run_04_p16,signoff_static,measured,194,7.9e-05,7.9e-05,8.5e-05,145
orfs_ssd_ctrl_cfg_run_04_p16,signoff_static,measured,195,0.000104,0.000104,9.5e-05,155
orfs_ssd_ctrl_cfg_run_04_p16,signoff_static,measured,196,0.000115,0.000115,0.000116,171
orfs_ssd_ctrl_cfg_run_04_p16,signoff_static,measured,197,0.000179,0.000179,0.000137,148
orfs_ssd_ctrl_cfg_run_04_p16,signoff_static,measured,198,0.000111,0.000111,0.000106,183
orfs_ssd_ctrl_cfg_run_04_p16,signoff_static,measured,199,0.000126,0.000126,0.000126,160
orfs_ssd_ctrl_cfg_run_04_p16,signoff_static,measured,200,0.000197,0.000197,0.000178,151
orfs_ssd_ctrl_cfg_run_04_p16,signoff_static,measured,201,0.000211,0.000211,0.000248,141
orfs_ssd_ctrl_cfg_run_04_p16,signoff_static,measured,202,0.000207,0.000207,0.00025,166
orfs_ssd_ctrl_cfg_run_04_p16,signoff_static,measured,203,0.000133,0.000133,0.000161,173
orfs_ssd_ctrl_cfg_run_04_p16,signoff_static,measured,204,0.000129,0.000129,0.000123,185
orfs_ssd_ctrl_cfg_run_04_p16,signoff_static,measured,205,0.000118,0.000118,0.000114,181
orfs_ssd_ctrl_cfg_run_04_p16,signoff_static,measured,206,0.000126,0.000126,0.000123,154
orfs_ssd_ctrl_cfg_run_04_p16,signoff_static,measured,207,0.00017,0.00017,0.000145,157
orfs_ssd_ctrl_cfg_run_04_p16,signoff_static,measured,208,0.000174,0.000174,0.000125,167
orfs_ssd_ctrl_cfg_run_04_p16,signoff_static,measured,209,0.00011,0.00011,0.000134,157
orfs_ssd_ctrl_cfg_run_04_p16,signoff_static,measured,210,0.000121,0.000121,0.000135,176
orfs_ssd_ctrl_cfg_run_04_p16,signoff_static,measured,211,0.000121,0.000121,0.000115,157
orfs_ssd_ctrl_cfg_run_04_p16,signoff_static,measured,212,7.6e-05,7.6e-05,6.8e-05,70
orfs_ssd_ctrl_cfg_run_04_p16,signoff_static,measured,213,3.2e-05,3.2e-05,1.7e-05,43
orfs_ssd_ctrl_cfg_run_04_p16,signoff_static,measured,214,1e-05,1e-05,6e-06,42
orfs_ssd_ctrl_cfg_run_04_p16,signoff_static,measured,215,4e-06,4e-06,2e-06,78
orfs_ssd_ctrl_cfg_run_04_p16,signoff_static,measured,216,1.2e-05,1.2e-05,9e-06,42
orfs_ssd_ctrl_cfg_run_04_p16,signoff_static,measured,217,6.3e-05,6.3e-05,4.7e-05,55
orfs_ssd_ctrl_cfg_run_04_p16,signoff_static,measured,218,8.3e-05,8.3e-05,5.5e-05,98
orfs_ssd_ctrl_cfg_run_04_p16,signoff_static,measured,219,8.5e-05,8.5e-05,8.3e-05,115
orfs_ssd_ctrl_cfg_run_04_p16,signoff_static,measured,220,8.9e-05,8.9e-05,0.000104,157
orfs_ssd_ctrl_cfg_run_04_p16,signoff_static,measured,221,0.000133,0.000133,0.000105,156
orfs_ssd_ctrl_cfg_run_04_p16,signoff_static,measured,222,0.000154,0.000154,0.00014,172
orfs_ssd_ctrl_cfg_run_04_p16,signoff_static,measured,223,0.00015,0.00015,0.000129,151
orfs_ssd_ctrl_cfg_run_04_p16,signoff_static,measured,224,0.000116,0.000116,0.000101,155
orfs_ssd_ctrl_cfg_run_04_p16,signoff_static,measured,225,0.000116,0.000116,0.000111,150
orfs_ssd_ctrl_cfg_run_04_p16,signoff_static,measured,226,0.000127,0.000127,0.000111,144
orfs_ssd_ctrl_cfg_run_04_p16,signoff_static,measured,227,0.000112,0.000112,0.000117,182
orfs_ssd_ctrl_cfg_run_04_p16,signoff_static,measured,228,0.000134,0.000134,0.000116,165
orfs_ssd_ctrl_cfg_run_04_p16,signoff_static,measured,229,0.000179,0.000179,0.000107,192
orfs_ssd_ctrl_cfg_run_04_p16,signoff_static,measured,230,0.000146,0.000146,0.000143,165
orfs_ssd_ctrl_cfg_run_04_p16,signoff_static,measured,231,0.000125,0.000125,0.000125,143
orfs_ssd_ctrl_cfg_run_04_p16,signoff_static,measured,232,0.000114,0.000114,0.000128,170
orfs_ssd_ctrl_cfg_run_04_p16,signoff_static,measured,233,0.000137,0.000137,0.000127,176
orfs_ssd_ctrl_cfg_run_04_p16,signoff_static,measured,234,0.00014,0.00014,0.000128,197
orfs_ssd_ctrl_cfg_run_04_p16,signoff_static,measured,235,0.000115,0.000115,9.6e-05,173
orfs_ssd_ctrl_cfg_run_04_p16,signoff_static,measured,236,7e-05,7e-05,6.6e-05,124
orfs_ssd_ctrl_cfg_run_04_p16,signoff_static,measured,237,0.0001,0.0001,0.0001,49
orfs_ssd_ctrl_cfg_run_04_p16,signoff_static,measured,238,7.5e-05,7.5e-05,9e-05,43
orfs_ssd_ctrl_cfg_run_04_p16,signoff_static,measured,239,2.5e-05,2.5e-05,2.9e-05,76
orfs_ssd_ctrl_cfg_run_04_p16,signoff_static,measured,240,1.8e-05,1.8e-05,1.3e-05,36
orfs_ssd_ctrl_cfg_run_04_p16,signoff_static,measured,241,7.1e-05,7.1e-05,5.8e-05,74
orfs_ssd_ctrl_cfg_run_04_p16,signoff_static,measured,242,8.3e-05,8.3e-05,7.6e-05,145
orfs_ssd_ctrl_cfg_run_04_p16,signoff_static,measured,243,0.000124,0.000124,9.9e-05,140
orfs_ssd_ctrl_cfg_run_04_p16,signoff_static,measured,244,0.000324,0.000324,0.000178,141
orfs_ssd_ctrl_cfg_run_04_p16,signoff_static,measured,245,0.000229,0.000229,0.000178,160
orfs_ssd_ctrl_cfg_run_04_p16,signoff_static,measured,246,0.000193,0.000193,0.000247,145
orfs_ssd_ctrl_cfg_run_04_p16,signoff_static,measured,247,0.000191,0.000191,0.000237,139
orfs_ssd_ctrl_cfg_run_04_p16,signoff_static,measured,248,0.000145,0.000145,0.000134,154
orfs_ssd_ctrl_cfg_run_04_p16,signoff_static,measured,249,0.000131,0.000131,0.000127,104
orfs_ssd_ctrl_cfg_run_04_p16,signoff_static,measured,250,0.000112,0.000112,0.000128,135
orfs_ssd_ctrl_cfg_run_04_p16,signoff_static,measured,251,0.000128,0.000128,0.00012,149
orfs_ssd_ctrl_cfg_run_04_p16,signoff_static,measured,252,0.000131,0.000131,0.000116,156
orfs_ssd_ctrl_cfg_run_04_p16,signoff_static,measured,253,0.00011,0.00011,0.000101,150
orfs_ssd_ctrl_cfg_run_04_p16,signoff_static,measured,254,0.000111,0.000111,9.6e-05,103
orfs_ssd_ctrl_cfg_run_04_p16,signoff_static,measured,255,0.000106,0.000106,0.000104,49
orfs_ssd_ctrl_cfg_run_04_p16,signoff_static,measured,256,8.7e-05,8.7e-05,8.5e-05,102
orfs_ssd_ctrl_cfg_run_04_p16,signoff_static,measured,257,9.1e-05,9.1e-05,9.3e-05,111
orfs_ssd_ctrl_cfg_run_04_p16,signoff_static,measured,258,6.8e-05,6.8e-05,8.8e-05,68
orfs_ssd_ctrl_cfg_run_04_p16,signoff_static,measured,259,0.000152,0.000152,0.000194,64
orfs_ssd_ctrl_cfg_run_04_p16,signoff_static,measured,260,0.000331,0.000331,0.000266,61
orfs_ssd_ctrl_cfg_run_04_p16,signoff_static,measured,261,0.000337,0.000337,0.000258,125
orfs_ssd_ctrl_cfg_run_04_p16,signoff_static,measured,262,0.00024,0.00024,0.000188,85
orfs_ssd_ctrl_cfg_run_04_p16,signoff_static,measured,263,0.000165,0.000165,0.000157,75
orfs_ssd_ctrl_cfg_run_04_p16,signoff_static,measured,264,8e-06,8e-06,1e-05,42
orfs_ssd_ctrl_cfg_run_04_p16,signoff_static,measured,265,6.5e-05,6.5e-05,5.3e-05,66
orfs_ssd_ctrl_cfg_run_04_p16,signoff_static,measured,266,7.9e-05,7.9e-05,9.9e-05,154
orfs_ssd_ctrl_cfg_run_04_p16,signoff_static,measured,267,7.2e-05,7.2e-05,7.7e-05,167
orfs_ssd_ctrl_cfg_run_04_p16,signoff_static,measured,268,0.000109,0.000109,9.5e-05,149
orfs_ssd_ctrl_cfg_run_04_p16,signoff_static,measured,269,0.000126,0.000126,0.000143,162
orfs_ssd_ctrl_cfg_run_04_p16,signoff_static,measured,270,0.000114,0.000114,0.00013,182
orfs_ssd_ctrl_cfg_run_04_p16,signoff_static,measured,271,0.000117,0.000117,0.000124,173
orfs_ssd_ctrl_cfg_run_04_p16,signoff_static,measured,272,0.000114,0.000114,0.000134,166
orfs_ssd_ctrl_cfg_run_04_p16,signoff_static,measured,273,0.000118,0.000118,0.000127,188
orfs_ssd_ctrl_cfg_run_04_p16,signoff_static,measured,274,0.000118,0.000118,0.000129,133
orfs_ssd_ctrl_cfg_run_04_p16,signoff_static,measured,275,8e-05,8e-05,0.00012,192
orfs_ssd_ctrl_cfg_run_04_p16,signoff_static,measured,276,5e-05,5e-05,7.7e-05,165
orfs_ssd_ctrl_cfg_run_04_p16,signoff_static,measured,277,0.000101,0.000101,7.3e-05,231
orfs_ssd_ctrl_cfg_run_04_p16,signoff_static,measured,278,0.000112,0.000112,0.000108,128
orfs_ssd_ctrl_cfg_run_04_p16,signoff_static,measured,279,9.1e-05,9.1e-05,9.4e-05,133
orfs_ssd_ctrl_cfg_run_04_p16,signoff_static,measured,280,5.4e-05,5.4e-05,6.3e-05,152
orfs_ssd_ctrl_cfg_run_04_p16,signoff_static,measured,281,9.1e-05,9.1e-05,9.3e-05,187
orfs_ssd_ctrl_cfg_run_04_p16,signoff_static,measured,282,8.5e-05,8.5e-05,0.000111,138
orfs_ssd_ctrl_cfg_run_04_p16,signoff_static,measured,283,0.00019,0.00019,0.000242,118
orfs_ssd_ctrl_cfg_run_04_p16,signoff_static,measured,284,0.000319,0.000319,0.000259,171
orfs_ssd_ctrl_cfg_run_04_p16,signoff_static,measured,285,0.000318,0.000318,0.000313,182
orfs_ssd_ctrl_cfg_run_04_p16,signoff_static,measured,286,0.000259,0.000259,0.000304,173
orfs_ssd_ctrl_cfg_run_04_p16,signoff_static,measured,287,0.000233,0.000233,0.000227,148
orfs_ssd_ctrl_cfg_run_04_p16,signoff_static,measured,288,9e-06,9e-06,1e-05,36
orfs_ssd_ctrl_cfg_run_04_p16,signoff_static,measured,289,5.4e-05,5.4e-05,4.5e-05,68
orfs_ssd_ctrl_cfg_run_04_p16,signoff_static,measured,290,6e-05,6e-05,6.2e-05,123
orfs_ssd_ctrl_cfg_run_04_p16,signoff_static,measured,291,9.7e-05,9.7e-05,9.3e-05,134
orfs_ssd_ctrl_cfg_run_04_p16,signoff_static,measured,292,8.4e-05,8.4e-05,0.000107,140
orfs_ssd_ctrl_cfg_run_04_p16,signoff_static,measured,293,0.000102,0.000102,0.000119,136
orfs_ssd_ctrl_cfg_run_04_p16,signoff_static,measured,294,0.000116,0.000116,0.000162,150
orfs_ssd_ctrl_cfg_run_04_p16,signoff_static,measured,295,0.000143,0.000143,0.000147,144
orfs_ssd_ctrl_cfg_run_04_p16,signoff_static,measured,296,0.000157,0.000157,0.000137,157
orfs_ssd_ctrl_cfg_run_04_p16,signoff_static,measured,297,0.000109,0.000109,0.000117,129
orfs_ssd_ctrl_cfg_run_04_p16,signoff_static,measured,298,9.8e-05,9.8e-05,0.000103,132
orfs_ssd_ctrl_cfg_run_04_p16,signoff_static,measured,299,5.4e-05,5.4e-05,6.2e-05,154
orfs_ssd_ctrl_cfg_run_04_p16,signoff_static,measured,300,6e-05,6e-05,6.8e-05,162
orfs_ssd_ctrl_cfg_run_04_p16,signoff_static,measured,301,8.4e-05,8.4e-05,8.6e-05,172
orfs_ssd_ctrl_cfg_run_04_p16,signoff_static,measured,302,6.2e-05,6.2e-05,7.5e-05,136
orfs_ssd_ctrl_cfg_run_04_p16,signoff_static,measured,303,4.6e-05,4.6e-05,4.4e-05,128
orfs_ssd_ctrl_cfg_run_04_p16,signoff_static,measured,304,6.2e-05,6.2e-05,6.3e-05,128
orfs_ssd_ctrl_cfg_run_04_p16,signoff_static,measured,305,9.2e-05,9.2e-05,0.0001,144
orfs_ssd_ctrl_cfg_run_04_p16,signoff_static,measured,306,0.000175,0.000175,0.000147,128
orfs_ssd_ctrl_cfg_run_04_p16,signoff_static,measured,307,0.000189,0.000189,0.0002,126
orfs_ssd_ctrl_cfg_run_04_p16,signoff_static,measured,308,0.000258,0.000258,0.000285,135
orfs_ssd_ctrl_cfg_run_04_p16,signoff_static,measured,309,0.000317,0.000317,0.000313,134
orfs_ssd_ctrl_cfg_run_04_p16,signoff_static,measured,310,0.000317,0.000317,0.000304,138
orfs_ssd_ctrl_cfg_run_04_p16,signoff_static,measured,311,0.000275,0.000275,0.000223,138
orfs_ssd_ctrl_cfg_run_04_p16,signoff_static,measured,312,8e-06,8e-06,7e-06,42
orfs_ssd_ctrl_cfg_run_04_p16,signoff_static,measured,313,5.7e-05,5.7e-05,4.5e-05,59
orfs_ssd_ctrl_cfg_run_04_p16,signoff_static,measured,314,6.8e-05,6.8e-05,7.5e-05,153
orfs_ssd_ctrl_cfg_run_04_p16,signoff_static,measured,315,7.2e-05,7.2e-05,9.7e-05,143
orfs_ssd_ctrl_cfg_run_04_p16,signoff_static,measured,316,8.5e-05,8.5e-05,0.000102,150
orfs_ssd_ctrl_cfg_run_04_p16,signoff_static,measured,317,0.000104,0.000104,0.000139,166
orfs_ssd_ctrl_cfg_run_04_p16,signoff_static,measured,318,0.000111,0.000111,0.000147,167
orfs_ssd_ctrl_cfg_run_04_p16,signoff_static,measured,319,0.00015,0.00015,0.000132,173
orfs_ssd_ctrl_cfg_run_04_p16,signoff_static,measured,320,0.00014,0.00014,0.000126,168
orfs_ssd_ctrl_cfg_run_04_p16,signoff_static,measured,321,0.000143,0.000143,0.000135,164
orfs_ssd_ctrl_cfg_run_04_p16,signoff_static,measured,322,0.000119,0.000119,9.6e-05,168
orfs_ssd_ctrl_cfg_run_04_p16,signoff_static,measured,323,7.9e-05,7.9e-05,6e-05,178
orfs_ssd_ctrl_cfg_run_04_p16,signoff_static,measured,324,5.3e-05,5.3e-05,5.4e-05,186
orfs_ssd_ctrl_cfg_run_04_p16,signoff_static,measured,325,4.5e-05,4.5e-05,8.1e-05,199
orfs_ssd_ctrl_cfg_run_04_p16,signoff_static,measured,326,4.7e-05,4.7e-05,5.6e-05,155
orfs_ssd_ctrl_cfg_run_04_p16,signoff_static,measured,327,4.7e-05,4.7e-05,4.9e-05,161
orfs_ssd_ctrl_cfg_run_04_p16,signoff_static,measured,328,4.4e-05,4.4e-05,5.2e-05,169
orfs_ssd_ctrl_cfg_run_04_p16,signoff_static,measured,329,5.8e-05,5.8e-05,6.3e-05,167
orfs_ssd_ctrl_cfg_run_04_p16,signoff_static,measured,330,0.000112,0.000112,0.000138,163
orfs_ssd_ctrl_cfg_run_04_p16,signoff_static,measured,331,0.00022,0.00022,0.000246,164
orfs_ssd_ctrl_cfg_run_04_p16,signoff_static,measured,332,0.000266,0.000266,0.000284,175
orfs_ssd_ctrl_cfg_run_04_p16,signoff_static,measured,333,0.000274,0.000274,0.00026,162
orfs_ssd_ctrl_cfg_run_04_p16,signoff_static,measured,334,0.000269,0.000269,0.000253,145
orfs_ssd_ctrl_cfg_run_04_p16,signoff_static,measured,335,0.000245,0.000245,0.000205,159
orfs_ssd_ctrl_cfg_run_04_p16,signoff_static,measured,336,3e-06,3e-06,4e-06,42
orfs_ssd_ctrl_cfg_run_04_p16,signoff_static,measured,337,1.2e-05,1.2e-05,1.6e-05,42
orfs_ssd_ctrl_cfg_run_04_p16,signoff_static,measured,338,4.9e-05,4.9e-05,5.2e-05,101
orfs_ssd_ctrl_cfg_run_04_p16,signoff_static,measured,339,8.4e-05,8.4e-05,7.8e-05,146
orfs_ssd_ctrl_cfg_run_04_p16,signoff_static,measured,340,9.4e-05,9.4e-05,0.000101,152
orfs_ssd_ctrl_cfg_run_04_p16,signoff_static,measured,341,8.7e-05,8.7e-05,9e-05,160
orfs_ssd_ctrl_cfg_run_04_p16,signoff_static,measured,342,0.000128,0.000128,0.000108,173
orfs_ssd_ctrl_cfg_run_04_p16,signoff_static,measured,343,0.000134,0.000134,0.000105,157
orfs_ssd_ctrl_cfg_run_04_p16,signoff_static,measured,344,0.000132,0.000132,0.000115,148
orfs_ssd_ctrl_cfg_run_04_p16,signoff_static,measured,345,0.000122,0.000122,0.000124,159
orfs_ssd_ctrl_cfg_run_04_p16,signoff_static,measured,346,9.7e-05,9.7e-05,9.3e-05,173
orfs_ssd_ctrl_cfg_run_04_p16,signoff_static,measured,347,5.7e-05,5.7e-05,6.7e-05,163
orfs_ssd_ctrl_cfg_run_04_p16,signoff_static,measured,348,5.2e-05,5.2e-05,5.8e-05,178
orfs_ssd_ctrl_cfg_run_04_p16,signoff_static,measured,349,5.1e-05,5.1e-05,4.1e-05,205
orfs_ssd_ctrl_cfg_run_04_p16,signoff_static,measured,350,5.3e-05,5.3e-05,3.7e-05,155
orfs_ssd_ctrl_cfg_run_04_p16,signoff_static,measured,351,4.4e-05,4.4e-05,4.2e-05,166
orfs_ssd_ctrl_cfg_run_04_p16,signoff_static,measured,352,4.5e-05,4.5e-05,4.8e-05,157
orfs_ssd_ctrl_cfg_run_04_p16,signoff_static,measured,353,5.6e-05,5.6e-05,6.3e-05,174
orfs_ssd_ctrl_cfg_run_04_p16,signoff_static,measured,354,0.00013,0.00013,0.000123,170
orfs_ssd_ctrl_cfg_run_04_p16,signoff_static,measured,355,0.000231,0.000231,0.000232,154
orfs_ssd_ctrl_cfg_run_04_p16,signoff_static,measured,356,0.000283,0.000283,0.000265,175
orfs_ssd_ctrl_cfg_run_04_p16,signoff_static,measured,357,0.000286,0.000286,0.000259,167
orfs_ssd_ctrl_cfg_run_04_p16,signoff_static,measured,358,0.000244,0.000244,0.000201,143
orfs_ssd_ctrl_cfg_run_04_p16,signoff_static,measured,359,0.000223,0.000223,0.000169,139
orfs_ssd_ctrl_cfg_run_04_p16,signoff_static,measured,360,1e-06,1e-06,1e-06,36
orfs_ssd_ctrl_cfg_run_04_p16,signoff_static,measured,361,4e-06,4e-06,3e-06,36
orfs_ssd_ctrl_cfg_run_04_p16,signoff_static,measured,362,1.3e-05,1.3e-05,1.1e-05,36
orfs_ssd_ctrl_cfg_run_04_p16,signoff_static,measured,363,5.4e-05,5.4e-05,5.7e-05,83
orfs_ssd_ctrl_cfg_run_04_p16,signoff_static,measured,364,6.7e-05,6.7e-05,6.1e-05,121
orfs_ssd_ctrl_cfg_run_04_p16,signoff_static,measured,365,6.2e-05,6.2e-05,6.7e-05,110
orfs_ssd_ctrl_cfg_run_04_p16,signoff_static,measured,366,9.9e-05,9.9e-05,0.000129,114
orfs_ssd_ctrl_cfg_run_04_p16,signoff_static,measured,367,0.000112,0.000112,0.000136,148
orfs_ssd_ctrl_cfg_run_04_p16,signoff_static,measured,368,0.00013,0.00013,0.000142,123
orfs_ssd_ctrl_cfg_run_04_p16,signoff_static,measured,369,0.000146,0.000146,0.000174,153
orfs_ssd_ctrl_cfg_run_04_p16,signoff_static,measured,370,0.00011,0.00011,0.000119,125
orfs_ssd_ctrl_cfg_run_04_p16,signoff_static,measured,371,7.2e-05,7.2e-05,6.7e-05,145
orfs_ssd_ctrl_cfg_run_04_p16,signoff_static,measured,372,4.4e-05,4.4e-05,5.9e-05,149
orfs_ssd_ctrl_cfg_run_04_p16,signoff_static,measured,373,4.6e-05,4.6e-05,4.7e-05,153
orfs_ssd_ctrl_cfg_run_04_p16,signoff_static,measured,374,5.1e-05,5.1e-05,5.4e-05,156
orfs_ssd_ctrl_cfg_run_04_p16,signoff_static,measured,375,7.9e-05,7.9e-05,5.4e-05,131
orfs_ssd_ctrl_cfg_run_04_p16,signoff_static,measured,376,0.000127,0.000127,0.000101,140
orfs_ssd_ctrl_cfg_run_04_p16,signoff_static,measured,377,8.7e-05,8.7e-05,9.9e-05,137
orfs_ssd_ctrl_cfg_run_04_p16,signoff_static,measured,378,0.000101,0.000101,0.000117,127
orfs_ssd_ctrl_cfg_run_04_p16,signoff_static,measured,379,0.000182,0.000182,0.000132,141
orfs_ssd_ctrl_cfg_run_04_p16,signoff_static,measured,380,0.000164,0.000164,0.000188,130
orfs_ssd_ctrl_cfg_run_04_p16,signoff_static,measured,381,0.00023,0.00023,0.000227,130
orfs_ssd_ctrl_cfg_run_04_p16,signoff_static,measured,382,0.00023,0.00023,0.000216,134
orfs_ssd_ctrl_cfg_run_04_p16,signoff_static,measured,383,0.000252,0.000252,0.000166,126
orfs_ssd_ctrl_cfg_run_04_p16,signoff_static,measured,384,0.0,0.0,0.0,42
orfs_ssd_ctrl_cfg_run_04_p16,signoff_static,measured,385,1e-06,1e-06,1e-06,42
orfs_ssd_ctrl_cfg_run_04_p16,signoff_static,measured,386,4e-06,4e-06,3e-06,42
orfs_ssd_ctrl_cfg_run_04_p16,signoff_static,measured,387,1e-05,1e-05,8e-06,42
orfs_ssd_ctrl_cfg_run_04_p16,signoff_static,measured,388,1.7e-05,1.7e-05,1.3e-05,56
orfs_ssd_ctrl_cfg_run_04_p16,signoff_static,measured,389,2.5e-05,2.5e-05,2.7e-05,42
orfs_ssd_ctrl_cfg_run_04_p16,signoff_static,measured,390,8.8e-05,8.8e-05,8.3e-05,90
orfs_ssd_ctrl_cfg_run_04_p16,signoff_static,measured,391,0.000109,0.000109,0.0001,183
orfs_ssd_ctrl_cfg_run_04_p16,signoff_static,measured,392,0.000127,0.000127,9.8e-05,170
orfs_ssd_ctrl_cfg_run_04_p16,signoff_static,measured,393,0.00013,0.00013,0.000115,158
orfs_ssd_ctrl_cfg_run_04_p16,signoff_static,measured,394,0.000109,0.000109,0.000104,166
orfs_ssd_ctrl_cfg_run_04_p16,signoff_static,measured,395,7.2e-05,7.2e-05,8.2e-05,174
orfs_ssd_ctrl_cfg_run_04_p16,signoff_static,measured,396,5.4e-05,5.4e-05,5.9e-05,184
orfs_ssd_ctrl_cfg_run_04_p16,signoff_static,measured,397,4.6e-05,4.6e-05,5e-05,177
orfs_ssd_ctrl_cfg_run_04_p16,signoff_static,measured,398,7.4e-05,7.4e-05,5.9e-05,177
orfs_ssd_ctrl_cfg_run_04_p16,signoff_static,measured,399,8.7e-05,8.7e-05,8.3e-05,155
orfs_ssd_ctrl_cfg_run_04_p16,signoff_static,measured,400,7.8e-05,7.8e-05,8.4e-05,161
orfs_ssd_ctrl_cfg_run_04_p16,signoff_static,measured,401,6.9e-05,6.9e-05,7e-05,164
orfs_ssd_ctrl_cfg_run_04_p16,signoff_static,measured,402,8.2e-05,8.2e-05,0.000103,158
orfs_ssd_ctrl_cfg_run_04_p16,signoff_static,measured,403,0.000123,0.000123,0.000138,189
orfs_ssd_ctrl_cfg_run_04_p16,signoff_static,measured,404,0.000141,0.000141,0.000151,154
orfs_ssd_ctrl_cfg_run_04_p16,signoff_static,measured,405,0.000203,0.000203,0.000193,165
orfs_ssd_ctrl_cfg_run_04_p16,signoff_static,measured,406,0.000211,0.000211,0.000204,164
orfs_ssd_ctrl_cfg_run_04_p16,signoff_static,measured,407,0.000177,0.000177,0.000152,152
orfs_ssd_ctrl_cfg_run_04_p16,signoff_static,measured,408,0.0,0.0,0.0,37
orfs_ssd_ctrl_cfg_run_04_p16,signoff_static,measured,409,0.0,0.0,0.0,36
orfs_ssd_ctrl_cfg_run_04_p16,signoff_static,measured,410,0.0,0.0,1e-06,36
orfs_ssd_ctrl_cfg_run_04_p16,signoff_static,measured,411,2e-06,2e-06,2e-06,36
orfs_ssd_ctrl_cfg_run_04_p16,signoff_static,measured,412,1.2e-05,1.2e-05,1.5e-05,48
orfs_ssd_ctrl_cfg_run_04_p16,signoff_static,measured,413,5.5e-05,5.5e-05,6.7e-05,37
orfs_ssd_ctrl_cfg_run_04_p16,signoff_static,measured,414,9.9e-05,9.9e-05,0.000162,146
orfs_ssd_ctrl_cfg_run_04_p16,signoff_static,measured,415,0.000129,0.000129,0.00016,136
orfs_ssd_ctrl_cfg_run_04_p16,signoff_static,measured,416,0.00016,0.00016,0.000125,129
orfs_ssd_ctrl_cfg_run_04_p16,signoff_static,measured,417,0.000127,0.000127,0.00012,152
orfs_ssd_ctrl_cfg_run_04_p16,signoff_static,measured,418,0.000106,0.000106,0.000105,143
orfs_ssd_ctrl_cfg_run_04_p16,signoff_static,measured,419,8.1e-05,8.1e-05,0.000105,125
orfs_ssd_ctrl_cfg_run_04_p16,signoff_static,measured,420,5.7e-05,5.7e-05,9.6e-05,141
orfs_ssd_ctrl_cfg_run_04_p16,signoff_static,measured,421,4.1e-05,4.1e-05,4.7e-05,173
orfs_ssd_ctrl_cfg_run_04_p16,signoff_static,measured,422,6.4e-05,6.4e-05,6.5e-05,159
orfs_ssd_ctrl_cfg_run_04_p16,signoff_static,measured,423,0.000111,0.000111,0.000131,133
orfs_ssd_ctrl_cfg_run_04_p16,signoff_static,measured,424,0.00016,0.00016,0.000157,145
orfs_ssd_ctrl_cfg_run_04_p16,signoff_static,measured,425,0.00022,0.00022,0.00022,153
orfs_ssd_ctrl_cfg_run_04_p16,signoff_static,measured,426,0.00017,0.00017,0.000216,142
orfs_ssd_ctrl_cfg_run_04_p16,signoff_static,measured,427,0.00018,0.00018,0.000212,147
orfs_ssd_ctrl_cfg_run_04_p16,signoff_static,measured,428,0.000206,0.000206,0.000203,153
orfs_ssd_ctrl_cfg_run_04_p16,signoff_static,measured,429,0.000233,0.000233,0.000236,151
orfs_ssd_ctrl_cfg_run_04_p16,signoff_static,measured,430,0.000233,0.000233,0.000204,144
orfs_ssd_ctrl_cfg_run_04_p16,signoff_static,measured,431,0.000229,0.000229,0.00018,115
orfs_ssd_ctrl_cfg_run_04_p16,signoff_static,measured,432,0.0,0.0,0.0,41
orfs_ssd_ctrl_cfg_run_04_p16,signoff_static,measured,433,0.0,0.0,0.0,42
orfs_ssd_ctrl_cfg_run_04_p16,signoff_static,measured,434,0.0,0.0,0.0,42
orfs_ssd_ctrl_cfg_run_04_p16,signoff_static,measured,435,2e-06,2e-06,2e-06,42
orfs_ssd_ctrl_cfg_run_04_p16,signoff_static,measured,436,1.3e-05,1.3e-05,1.6e-05,56
orfs_ssd_ctrl_cfg_run_04_p16,signoff_static,measured,437,6e-05,6e-05,8.8e-05,44
orfs_ssd_ctrl_cfg_run_04_p16,signoff_static,measured,438,9.8e-05,9.8e-05,0.000145,157
orfs_ssd_ctrl_cfg_run_04_p16,signoff_static,measured,439,0.000129,0.000129,0.000144,154
orfs_ssd_ctrl_cfg_run_04_p16,signoff_static,measured,440,0.000159,0.000159,0.000152,177
orfs_ssd_ctrl_cfg_run_04_p16,signoff_static,measured,441,0.000143,0.000143,0.000138,156
orfs_ssd_ctrl_cfg_run_04_p16,signoff_static,measured,442,0.000102,0.000102,9.8e-05,164
orfs_ssd_ctrl_cfg_run_04_p16,signoff_static,measured,443,7.3e-05,7.3e-05,7.8e-05,162
orfs_ssd_ctrl_cfg_run_04_p16,signoff_static,measured,444,5.1e-05,5.1e-05,5e-05,173
orfs_ssd_ctrl_cfg_run_04_p16,signoff_static,measured,445,4.3e-05,4.3e-05,4.9e-05,186
orfs_ssd_ctrl_cfg_run_04_p16,signoff_static,measured,446,5.8e-05,5.8e-05,7.3e-05,188
orfs_ssd_ctrl_cfg_run_04_p16,signoff_static,measured,447,7.3e-05,7.3e-05,0.000105,169
orfs_ssd_ctrl_cfg_run_04_p16,signoff_static,measured,448,0.000119,0.000119,0.000147,167
orfs_ssd_ctrl_cfg_run_04_p16,signoff_static,measured,449,0.00018,0.00018,0.000212,151
orfs_ssd_ctrl_cfg_run_04_p16,signoff_static,measured,450,0.000145,0.000145,0.000206,161
orfs_ssd_ctrl_cfg_run_04_p16,signoff_static,measured,451,0.000147,0.000147,0.00015,178
orfs_ssd_ctrl_cfg_run_04_p16,signoff_static,measured,452,0.000195,0.000195,0.000191,128
orfs_ssd_ctrl_cfg_run_04_p16,signoff_static,measured,453,0.000197,0.000197,0.000202,88
orfs_ssd_ctrl_cfg_run_04_p16,signoff_static,measured,454,0.00019,0.00019,0.000208,102
orfs_ssd_ctrl_cfg_run_04_p16,signoff_static,measured,455,0.000172,0.000172,0.000182,84
orfs_ssd_ctrl_cfg_run_04_p16,signoff_static,measured,456,0.0,0.0,0.0,42
orfs_ssd_ctrl_cfg_run_04_p16,signoff_static,measured,457,0.0,0.0,0.0,42
orfs_ssd_ctrl_cfg_run_04_p16,signoff_static,measured,458,0.0,0.0,0.0,42
orfs_ssd_ctrl_cfg_run_04_p16,signoff_static,measured,459,2e-06,2e-06,1e-06,42
orfs_ssd_ctrl_cfg_run_04_p16,signoff_static,measured,460,1e-05,1e-05,1.3e-05,56
orfs_ssd_ctrl_cfg_run_04_p16,signoff_static,measured,461,5e-05,5e-05,6.8e-05,43
orfs_ssd_ctrl_cfg_run_04_p16,signoff_static,measured,462,0.000102,0.000102,0.000112,178
orfs_ssd_ctrl_cfg_run_04_p16,signoff_static,measured,463,0.000189,0.000189,0.000116,156
orfs_ssd_ctrl_cfg_run_04_p16,signoff_static,measured,464,0.000113,0.000113,0.000115,178
orfs_ssd_ctrl_cfg_run_04_p16,signoff_static,measured,465,0.000138,0.000138,0.000137,162
orfs_ssd_ctrl_cfg_run_04_p16,signoff_static,measured,466,0.000126,0.000126,0.000116,179
orfs_ssd_ctrl_cfg_run_04_p16,signoff_static,measured,467,7.2e-05,7.2e-05,8.9e-05,157
orfs_ssd_ctrl_cfg_run_04_p16,signoff_static,measured,468,5.2e-05,5.2e-05,5.5e-05,172
orfs_ssd_ctrl_cfg_run_04_p16,signoff_static,measured,469,5.5e-05,5.5e-05,4.9e-05,196
orfs_ssd_ctrl_cfg_run_04_p16,signoff_static,measured,470,6.1e-05,6.1e-05,6.5e-05,181
orfs_ssd_ctrl_cfg_run_04_p16,signoff_static,measured,471,8.2e-05,8.2e-05,9.2e-05,158
orfs_ssd_ctrl_cfg_run_04_p16,signoff_static,measured,472,0.0001,0.0001,9.9e-05,174
orfs_ssd_ctrl_cfg_run_04_p16,signoff_static,measured,473,0.000103,0.000103,0.00011,198
orfs_ssd_ctrl_cfg_run_04_p16,signoff_static,measured,474,0.000139,0.000139,0.000123,179
orfs_ssd_ctrl_cfg_run_04_p16,signoff_static,measured,475,9.8e-05,9.8e-05,0.000133,179
orfs_ssd_ctrl_cfg_run_04_p16,signoff_static,measured,476,9.8e-05,9.8e-05,0.000133,117
orfs_ssd_ctrl_cfg_run_04_p16,signoff_static,measured,477,3.6e-05,3.6e-05,3.7e-05,42
orfs_ssd_ctrl_cfg_run_04_p16,signoff_static,measured,478,1.8e-05,1.8e-05,2.1e-05,42
orfs_ssd_ctrl_cfg_run_04_p16,signoff_static,measured,479,1.4e-05,1.4e-05,1.5e-05,70
orfs_ssd_ctrl_cfg_run_04_p16,signoff_static,measured,480,0.0,0.0,0.0,39
orfs_ssd_ctrl_cfg_run_04_p16,signoff_static,measured,481,0.0,0.0,0.0,36
orfs_ssd_ctrl_cfg_run_04_p16,signoff_static,measured,482,0.0,0.0,0.0,36
orfs_ssd_ctrl_cfg_run_04_p16,signoff_static,measured,483,1e-06,1e-06,1e-06,36
orfs_ssd_ctrl_cfg_run_04_p16,signoff_static,measured,484,8e-06,8e-06,1.2e-05,47
orfs_ssd_ctrl_cfg_run_04_p16,signoff_static,measured,485,3.1e-05,3.1e-05,6.3e-05,36
orfs_ssd_ctrl_cfg_run_04_p16,signoff_static,measured,486,8.5e-05,8.5e-05,0.000131,127
orfs_ssd_ctrl_cfg_run_04_p16,signoff_static,measured,487,0.000113,0.000113,0.000138,133
orfs_ssd_ctrl_cfg_run_04_p16,signoff_static,measured,488,0.000121,0.000121,0.00012,145
orfs_ssd_ctrl_cfg_run_04_p16,signoff_static,measured,489,9.8e-05,9.8e-05,0.000122,142
orfs_ssd_ctrl_cfg_run_04_p16,signoff_static,measured,490,9.9e-05,9.9e-05,0.000135,141
orfs_ssd_ctrl_cfg_run_04_p16,signoff_static,measured,491,8.9e-05,8.9e-05,0.000108,111
orfs_ssd_ctrl_cfg_run_04_p16,signoff_static,measured,492,5.2e-05,5.2e-05,6.9e-05,152
orfs_ssd_ctrl_cfg_run_04_p16,signoff_static,measured,493,5.2e-05,5.2e-05,6e-05,142
orfs_ssd_ctrl_cfg_run_04_p16,signoff_static,measured,494,4.4e-05,4.4e-05,4.7e-05,153
orfs_ssd_ctrl_cfg_run_04_p16,signoff_static,measured,495,6.9e-05,6.9e-05,9.8e-05,144
orfs_ssd_ctrl_cfg_run_04_p16,signoff_static,measured,496,0.000119,0.000119,0.000131,168
orfs_ssd_ctrl_cfg_run_04_p16,signoff_static,measured,497,0.000113,0.000113,0.000129,161
orfs_ssd_ctrl_cfg_run_04_p16,signoff_static,measured,498,0.000128,0.000128,0.000109,139
orfs_ssd_ctrl_cfg_run_04_p16,signoff_static,measured,499,0.000104,0.000104,0.000127,166
orfs_ssd_ctrl_cfg_run_04_p16,signoff_static,measured,500,7e-05,7e-05,0.000122,85
orfs_ssd_ctrl_cfg_run_04_p16,signoff_static,measured,501,3.2e-05,3.2e-05,2.8e-05,36
orfs_ssd_ctrl_cfg_run_04_p16,signoff_static,measured,502,7e-06,7e-06,6e-06,36
orfs_ssd_ctrl_cfg_run_04_p16,signoff_static,measured,503,2e-06,2e-06,2e-06,67
orfs_ssd_ctrl_cfg_run_04_p16,signoff_static,measured,504,0.0,0.0,0.0,42
orfs_ssd_ctrl_cfg_run_04_p16,signoff_static,measured,505,0.0,0.0,0.0,42
orfs_ssd_ctrl_cfg_run_04_p16,signoff_static,measured,506,0.0,0.0,0.0,42
orfs_ssd_ctrl_cfg_run_04_p16,signoff_static,measured,507,1e-06,1e-06,1e-06,42
orfs_ssd_ctrl_cfg_run_04_p16,signoff_static,measured,508,7e-06,7e-06,8e-06,56
orfs_ssd_ctrl_cfg_run_04_p16,signoff_static,measured,509,3.2e-05,3.2e-05,4.5e-05,42
orfs_ssd_ctrl_cfg_run_04_p16,signoff_static,measured,510,0.000112,0.000112,0.000102,111
orfs_ssd_ctrl_cfg_run_04_p16,signoff_static,measured,511,0.000141,0.000141,0.000132,170
orfs_ssd_ctrl_cfg_run_04_p16,signoff_static,measured,512,0.000142,0.000142,0.000148,157
orfs_ssd_ctrl_cfg_run_04_p16,signoff_static,measured,513,0.000137,0.000137,0.000147,166
orfs_ssd_ctrl_cfg_run_04_p16,signoff_static,measured,514,0.000114,0.000114,0.000134,163
orfs_ssd_ctrl_cfg_run_04_p16,signoff_static,measured,515,9.2e-05,9.2e-05,9.7e-05,142
orfs_ssd_ctrl_cfg_run_04_p16,signoff_static,measured,516,4.8e-05,4.8e-05,5.3e-05,162
orfs_ssd_ctrl_cfg_run_04_p16,signoff_static,measured,517,4.3e-05,4.3e-05,4.6e-05,187
orfs_ssd_ctrl_cfg_run_04_p16,signoff_static,measured,518,4.8e-05,4.8e-05,3.8e-05,167
orfs_ssd_ctrl_cfg_run_04_p16,signoff_static,measured,519,7e-05,7e-05,5.7e-05,162
orfs_ssd_ctrl_cfg_run_04_p16,signoff_static,measured,520,7.9e-05,7.9e-05,9.2e-05,202
orfs_ssd_ctrl_cfg_run_04_p16,signoff_static,measured,521,0.000106,0.000106,0.000113,200
orfs_ssd_ctrl_cfg_run_04_p16,signoff_static,measured,522,9.4e-05,9.4e-05,8.5e-05,168
orfs_ssd_ctrl_cfg_run_04_p16,signoff_static,measured,523,8e-05,8e-05,7.4e-05,147
orfs_ssd_ctrl_cfg_run_04_p16,signoff_static,measured,524,6.2e-05,6.2e-05,5e-05,45
orfs_ssd_ctrl_cfg_run_04_p16,signoff_static,measured,525,1.2e-05,1.2e-05,1.1e-05,42
orfs_ssd_ctrl_cfg_run_04_p16,signoff_static,measured,526,3e-06,3e-06,3e-06,42
orfs_ssd_ctrl_cfg_run_04_p16,signoff_static,measured,527,1e-06,1e-06,1e-06,77
orfs_ssd_ctrl_cfg_run_04_p16,signoff_static,measured,528,0.0,0.0,0.0,41
orfs_ssd_ctrl_cfg_run_04_p16,signoff_static,measured,529,0.0,0.0,0.0,42
orfs_ssd_ctrl_cfg_run_04_p16,signoff_static,measured,530,0.0,0.0,0.0,42
orfs_ssd_ctrl_cfg_run_04_p16,signoff_static,measured,531,0.0,0.0,0.0,42
orfs_ssd_ctrl_cfg_run_04_p16,signoff_static,measured,532,3e-06,3e-06,2e-06,56
orfs_ssd_ctrl_cfg_run_04_p16,signoff_static,measured,533,1.1e-05,1.1e-05,1e-05,42
orfs_ssd_ctrl_cfg_run_04_p16,signoff_static,measured,534,5.4e-05,5.4e-05,4.2e-05,63
orfs_ssd_ctrl_cfg_run_04_p16,signoff_static,measured,535,0.000102,0.000102,7.7e-05,122
orfs_ssd_ctrl_cfg_run_04_p16,signoff_static,measured,536,0.000111,0.000111,8.7e-05,152
orfs_ssd_ctrl_cfg_run_04_p16,signoff_static,measured,537,0.000103,0.000103,0.000121,161
orfs_ssd_ctrl_cfg_run_04_p16,signoff_static,measured,538,0.000126,0.000126,9.5e-05,122
orfs_ssd_ctrl_cfg_run_04_p16,signoff_static,measured,539,5.7e-05,5.7e-05,5.9e-05,111
orfs_ssd_ctrl_cfg_run_04_p16,signoff_static,measured,540,4.5e-05,4.5e-05,5.3e-05,172
orfs_ssd_ctrl_cfg_run_04_p16,signoff_static,measured,541,4.3e-05,4.3e-05,5.3e-05,184
orfs_ssd_ctrl_cfg_run_04_p16,signoff_static,measured,542,4.7e-05,4.7e-05,3.6e-05,156
orfs_ssd_ctrl_cfg_run_04_p16,signoff_static,measured,543,7.3e-05,7.3e-05,6.5e-05,157
orfs_ssd_ctrl_cfg_run_04_p16,signoff_static,measured,544,7.8e-05,7.8e-05,7.4e-05,147
orfs_ssd_ctrl_cfg_run_04_p16,signoff_static,measured,545,5.5e-05,5.5e-05,6e-05,197
orfs_ssd_ctrl_cfg_run_04_p16,signoff_static,measured,546,5.2e-05,5.2e-05,6.2e-05,145
orfs_ssd_ctrl_cfg_run_04_p16,signoff_static,measured,547,4.6e-05,4.6e-05,5.8e-05,79
orfs_ssd_ctrl_cfg_run_04_p16,signoff_static,measured,548,1.5e-05,1.5e-05,1.4e-05,42
orfs_ssd_ctrl_cfg_run_04_p16,signoff_static,measured,549,4e-06,4e-06,3e-06,42
orfs_ssd_ctrl_cfg_run_04_p16,signoff_static,measured,550,1e-06,1e-06,1e-06,42
orfs_ssd_ctrl_cfg_run_04_p16,signoff_static,measured,551,0.0,0.0,0.0,75
orfs_ssd_ctrl_cfg_run_04_p16,signoff_static,measured,552,0.0,0.0,0.0,29
orfs_ssd_ctrl_cfg_run_04_p16,signoff_static,measured,553,0.0,0.0,0.0,30
orfs_ssd_ctrl_cfg_run_04_p16,signoff_static,measured,554,0.0,0.0,0.0,28
orfs_ssd_ctrl_cfg_run_04_p16,signoff_static,measured,555,0.0,0.0,0.0,27
orfs_ssd_ctrl_cfg_run_04_p16,signoff_static,measured,556,1e-06,1e-06,1e-06,35
orfs_ssd_ctrl_cfg_run_04_p16,signoff_static,measured,557,2e-06,2e-06,3e-06,27
orfs_ssd_ctrl_cfg_run_04_p16,signoff_static,measured,558,8e-06,8e-06,8e-06,42
orfs_ssd_ctrl_cfg_run_04_p16,signoff_static,measured,559,1.6e-05,1.6e-05,1.6e-05,27
orfs_ssd_ctrl_cfg_run_04_p16,signoff_static,measured,560,2.1e-05,2.1e-05,2e-05,27
orfs_ssd_ctrl_cfg_run_04_p16,signoff_static,measured,561,2.3e-05,2.3e-05,2.1e-05,27
orfs_ssd_ctrl_cfg_run_04_p16,signoff_static,measured,562,2e-05,2e-05,1.9e-05,27
orfs_ssd_ctrl_cfg_run_04_p16,signoff_static,measured,563,1.5e-05,1.5e-05,1.4e-05,29
orfs_ssd_ctrl_cfg_run_04_p16,signoff_static,measured,564,2.9e-05,2.9e-05,3.1e-05,58
orfs_ssd_ctrl_cfg_run_04_p16,signoff_static,measured,565,3.8e-05,3.8e-05,3.6e-05,93
orfs_ssd_ctrl_cfg_run_04_p16,signoff_static,measured,566,4.5e-05,4.5e-05,3.7e-05,81
orfs_ssd_ctrl_cfg_run_04_p16,signoff_static,measured,567,6e-05,6e-05,6.2e-05,58
orfs_ssd_ctrl_cfg_run_04_p16,signoff_static,measured,568,5.9e-05,5.9e-05,6.6e-05,97
orfs_ssd_ctrl_cfg_run_04_p16,signoff_static,measured,569,4.3e-05,4.3e-05,4.4e-05,104
orfs_ssd_ctrl_cfg_run_04_p16,signoff_static,measured,570,3.1e-05,3.1e-05,3.1e-05,60
orfs_ssd_ctrl_cfg_run_04_p16,signoff_static,measured,571,1.1e-05,1.1e-05,1.2e-05,43
orfs_ssd_ctrl_cfg_run_04_p16,signoff_static,measured,572,3e-06,3e-06,2e-06,27
orfs_ssd_ctrl_cfg_run_04_p16,signoff_static,measured,573,1e-06,1e-06,1e-06,27
orfs_ssd_ctrl_cfg_run_04_p16,signoff_static,measured,574,0.0,0.0,0.0,27
orfs_ssd_ctrl_cfg_run_04_p16,signoff_static,measured,575,0.0,0.0,0.0,53
